<?xml version="1.0" encoding="UTF-8" ?>
<!-- Generated by Oracle SOA Modeler version 12.1.3.0.0 at [7/12/14 9:58 AM]. -->
<composite name="DynamicTaskAssignment"
           revision="1.0"
           label="2014-07-12_09-58-46_070"
           mode="active"
           state="on"
           xmlns="http://xmlns.oracle.com/sca/1.0"
           xmlns:xs="http://www.w3.org/2001/XMLSchema"
           xmlns:wsp="http://schemas.xmlsoap.org/ws/2004/09/policy"
           xmlns:orawsp="http://schemas.oracle.com/ws/2006/01/policy"
           xmlns:ui="http://xmlns.oracle.com/soa/designer/"
           xmlns:sca-ext="http://xmlns.oracle.com/sca/1.0-ext">
  <import namespace="http://xmlns.oracle.com/bpmn/bpmnProcess/VerificationProcess"
          location="WSDLs/VerificationProcess.wsdl" importType="wsdl"/>
  <import namespace="http://xmlns.oracle.com/bpel/workflow/taskService"
          location="oramds:/soa/shared/workflow/TaskServiceInterface.wsdl" importType="wsdl"/>
  <import namespace="http://xmlns.oracle.com/bpmn/bpmnProcess/DeadlineEscalationProcess"
          location="WSDLs/DeadlineEscalationProcess.wsdl" importType="wsdl"/>
  <service name="VerificationProcess.service" ui:wsdlLocation="WSDLs/VerificationProcess.wsdl">
    <interface.wsdl interface="http://xmlns.oracle.com/bpmn/bpmnProcess/VerificationProcess#wsdl.interface(VerificationProcessPortType)"
                    callbackInterface="http://xmlns.oracle.com/bpmn/bpmnProcess/VerificationProcess#wsdl.interface(VerificationProcessPortTypeCallBack)"/>
    <binding.ws port="http://xmlns.oracle.com/bpmn/bpmnProcess/VerificationProcess#wsdl.endpoint(VerificationProcess.service/VerificationProcessPort)"/>
    <callback>
      <binding.ws port="http://xmlns.oracle.com/bpmn/bpmnProcess/VerificationProcess#wsdl.endpoint(VerificationProcess.service/VerificationProcessPortTypeCallBack_pt)"/>
    </callback>
  </service>
  <service name="DeadlineEscalationProcess.service" ui:wsdlLocation="WSDLs/DeadlineEscalationProcess.wsdl">
    <interface.wsdl interface="http://xmlns.oracle.com/bpmn/bpmnProcess/DeadlineEscalationProcess#wsdl.interface(DeadlineEscalationProcessPortType)"
                    callbackInterface="http://xmlns.oracle.com/bpmn/bpmnProcess/DeadlineEscalationProcess#wsdl.interface(DeadlineEscalationProcessPortTypeCallBack)"/>
    <binding.ws port="http://xmlns.oracle.com/bpmn/bpmnProcess/DeadlineEscalationProcess#wsdl.endpoint(DeadlineEscalationProcess.service/DeadlineEscalationProcessPort)"/>
    <callback>
      <binding.ws port="http://xmlns.oracle.com/bpmn/bpmnProcess/DeadlineEscalationProcess#wsdl.endpoint(DeadlineEscalationProcess.service/DeadlineEscalationProcessPortTypeCallBack_pt)"/>
    </callback>
  </service>
  <property name="productVersion" type="xs:string" many="false">12.1.3.0.0</property>
  <property name="compositeID" type="xs:string" many="false">2dc82161-3f42-4313-8478-e508048344c0</property>
  <component name="VerificationProcess">
    <implementation.bpmn src="processes/VerificationProcess.bpmn"/>
    <componentType>
      <service name="VerificationProcess.service" ui:wsdlLocation="WSDLs/VerificationProcess.wsdl">
        <interface.wsdl interface="http://xmlns.oracle.com/bpmn/bpmnProcess/VerificationProcess#wsdl.interface(VerificationProcessPortType)"
                        callbackInterface="http://xmlns.oracle.com/bpmn/bpmnProcess/VerificationProcess#wsdl.interface(VerificationProcessPortTypeCallBack)"/>
        <property name="bpm.generated.service.reference" type="xs:string" many="false">VerificationProcess.service</property>
      </service>
      <reference name="HumanTasks.ValidationTask.reference"
                 ui:wsdlLocation="oramds:/soa/shared/workflow/TaskServiceInterface.wsdl">
        <interface.wsdl interface="http://xmlns.oracle.com/bpel/workflow/taskService#wsdl.interface(TaskService)"
                        callbackInterface="http://xmlns.oracle.com/bpel/workflow/taskService#wsdl.interface(TaskServiceCallback)"/>
      </reference>
      <reference name="HumanTasks.VerificationTask.reference"
                 ui:wsdlLocation="oramds:/soa/shared/workflow/TaskServiceInterface.wsdl">
        <interface.wsdl interface="http://xmlns.oracle.com/bpel/workflow/taskService#wsdl.interface(TaskService)"
                        callbackInterface="http://xmlns.oracle.com/bpel/workflow/taskService#wsdl.interface(TaskServiceCallback)"/>
      </reference>
    </componentType>
  </component>
  <component name="ValidationTask">
    <implementation.workflow src="HumanTasks/ValidationTask.task"/>
    <componentType>
      <service name="TaskService" ui:wsdlLocation="oramds:/soa/shared/workflow/TaskServiceInterface.wsdl">
        <interface.wsdl interface="http://xmlns.oracle.com/bpel/workflow/taskService#wsdl.interface(TaskService)"
                        callbackInterface="http://xmlns.oracle.com/bpel/workflow/taskService#wsdl.interface(TaskServiceCallback)"/>
      </service>
    </componentType>
  </component>
  <component name="VerificationTask">
    <implementation.workflow src="HumanTasks/VerificationTask.task"/>
    <componentType>
      <service name="TaskService" ui:wsdlLocation="oramds:/soa/shared/workflow/TaskServiceInterface.wsdl">
        <interface.wsdl interface="http://xmlns.oracle.com/bpel/workflow/taskService#wsdl.interface(TaskService)"
                        callbackInterface="http://xmlns.oracle.com/bpel/workflow/taskService#wsdl.interface(TaskServiceCallback)"/>
      </service>
    </componentType>
  </component>
  <component name="DeadlineEscalationProcess">
    <implementation.bpmn src="processes/DeadlineEscalationProcess.bpmn"/>
    <componentType>
      <service name="DeadlineEscalationProcess.service" ui:wsdlLocation="WSDLs/DeadlineEscalationProcess.wsdl">
        <interface.wsdl interface="http://xmlns.oracle.com/bpmn/bpmnProcess/DeadlineEscalationProcess#wsdl.interface(DeadlineEscalationProcessPortType)"
                        callbackInterface="http://xmlns.oracle.com/bpmn/bpmnProcess/DeadlineEscalationProcess#wsdl.interface(DeadlineEscalationProcessPortTypeCallBack)"/>
        <property name="bpm.generated.service.reference" type="xs:string" many="false">DeadlineEscalationProcess.service</property>
      </service>
      <reference name="HumanTasks.DeadlineEscalationTask.reference"
                 ui:wsdlLocation="oramds:/soa/shared/workflow/TaskServiceInterface.wsdl">
        <interface.wsdl interface="http://xmlns.oracle.com/bpel/workflow/taskService#wsdl.interface(TaskService)"
                        callbackInterface="http://xmlns.oracle.com/bpel/workflow/taskService#wsdl.interface(TaskServiceCallback)"/>
      </reference>
    </componentType>
  </component>
  <component name="DeadlineEscalationTask">
    <implementation.workflow src="HumanTasks/DeadlineEscalationTask.task"/>
    <componentType>
      <service name="TaskService" ui:wsdlLocation="oramds:/soa/shared/workflow/TaskServiceInterface.wsdl">
        <interface.wsdl interface="http://xmlns.oracle.com/bpel/workflow/taskService#wsdl.interface(TaskService)"
                        callbackInterface="http://xmlns.oracle.com/bpel/workflow/taskService#wsdl.interface(TaskServiceCallback)"/>
      </service>
    </componentType>
  </component>
  <wire>
    <source.uri>VerificationProcess/HumanTasks.ValidationTask.reference</source.uri>
    <target.uri>ValidationTask/TaskService</target.uri>
  </wire>
  <wire>
    <source.uri>VerificationProcess/HumanTasks.VerificationTask.reference</source.uri>
    <target.uri>VerificationTask/TaskService</target.uri>
  </wire>
  <wire>
    <source.uri>VerificationProcess.service</source.uri>
    <target.uri>VerificationProcess/VerificationProcess.service</target.uri>
  </wire>
  <wire>
    <source.uri>DeadlineEscalationProcess/HumanTasks.DeadlineEscalationTask.reference</source.uri>
    <target.uri>DeadlineEscalationTask/TaskService</target.uri>
  </wire>
  <wire>
    <source.uri>DeadlineEscalationProcess.service</source.uri>
    <target.uri>DeadlineEscalationProcess/DeadlineEscalationProcess.service</target.uri>
  </wire>
</composite>
