<?xml version="1.0" encoding="UTF-8"?>
<ns1:organization xmlns:ns2="http://xmlns.oracle.com/bpel/workflow/taskQuery" xmlns:ns1="http://xmlns.oracle.com/bpm/organization" xmlns:ns4="http://xmlns.oracle.com/bpel/workflow/task" xmlns:ns3="http://xmlns.oracle.com/bpm/identity" xmlns:ns0="http://xmlns.oracle.com/bpm/lpg/peopleQuery">
   <ns1:updateExistingObjects>false</ns1:updateExistingObjects>
   <ns1:organizationalUnits/>
   <ns1:applicationRoles>
      <ns1:applicationRole id="DynamicTaskAssignment.ProcessOwner" isProcessRole="true">
         <ns3:name>DynamicTaskAssignment.Process Owner</ns3:name>
         <ns1:processRole id="ProcessOwner" name="Process Owner"/>
      </ns1:applicationRole>
      <ns1:applicationRole id="DynamicTaskAssignment.ProcessReviewer" isProcessRole="true">
         <ns3:name>DynamicTaskAssignment.Process Reviewer</ns3:name>
         <ns1:processRole id="ProcessReviewer" name="Process Reviewer"/>
      </ns1:applicationRole>
      <ns1:applicationRole id="DynamicTaskAssignment.ClaimAgents" isProcessRole="true">
         <ns3:name>DynamicTaskAssignment.ClaimAgents</ns3:name>
         <ns1:member type="USER">
            <ns1:name>achrist</ns1:name>
         </ns1:member>
         <ns1:member type="USER">
            <ns1:name>jstein</ns1:name>
         </ns1:member>
         <ns1:processRole id="ClaimAgents" name="ClaimAgents"/>
      </ns1:applicationRole>
   </ns1:applicationRoles>
   <ns1:applicationRoleOrgUnitCalendarAssociations/>
   <ns1:participantPropertiesList/>
   <ns1:holidayRules/>
   <ns1:calendarRules/>
   <ns1:businessParameters>
      <ns1:businessParameter>
         <ns1:name>ORGUNIT</ns1:name>
         <ns1:id>5798aac7-6c5e-4114-a6fd-24d1f664c639</ns1:id>
         <ns1:type>String</ns1:type>
         <ns1:value>Finance</ns1:value>
      </ns1:businessParameter>
   </ns1:businessParameters>
</ns1:organization>
