<?xml version="1.0" encoding="UTF-8" standalone="yes"?>
<measurements xmlns="http://xmlns.oracle.com/bpm/analytics/measurement">
    <compositeDN>InsuranceClaimCase</compositeDN>
    <measurementElements>
        <measurementElement enabled="true" type="COMPOSITE" name="InsuranceClaimCase">
            <elementSelection>INTERACTIVE</elementSelection>
            <elementStates>
                <elementState>ALL</elementState>
            </elementStates>
        </measurementElement>
    </measurementElements>
</measurements>
