<?xml version="1.0" encoding="UTF-8" ?>
<!-- Generated by Oracle SOA Modeler version 12.1.3.0.0 at [7/24/14 2:08 PM]. -->
<composite name="LoanOrigination"
           revision="1.0"
           label="2014-07-24_14-08-06_903"
           mode="active"
           state="on"
           xmlns="http://xmlns.oracle.com/sca/1.0"
           xmlns:xs="http://www.w3.org/2001/XMLSchema"
           xmlns:wsp="http://schemas.xmlsoap.org/ws/2004/09/policy"
           xmlns:orawsp="http://schemas.oracle.com/ws/2006/01/policy"
           xmlns:ui="http://xmlns.oracle.com/soa/designer/"
           xmlns:sca-ext="http://xmlns.oracle.com/sca/1.0-ext">
  <import namespace="http://xmlns.oracle.com/bpmn/bpmnProcess/LOProcessAsService"
          location="WSDLs/LOProcessAsService.wsdl" importType="wsdl"/>
  <import namespace="http://xmlns.oracle.com/bpmn/bpmnProcess/LOProcessOneRequestTwoResponse"
          location="WSDLs/LOProcessOneRequestTwoResponse.wsdl" importType="wsdl"/>
  <import namespace="" location="project_properties.wsdl" importType="wsdl"/>
  <import namespace="http://xmlns.oracle.com/bpmn/bpmnProcess/LOProcessSendReceive"
          location="WSDLs/LOProcessSendReceive.wsdl" importType="wsdl"/>
  <import namespace="http://xmlns.oracle.com/pcbpel/adapter/ums/LoanOriginationProcess/LoanOrigination/ReceiveLOEmail"
          location="WSDLs/ReceiveLOEmail.wsdl" importType="wsdl"/>
  <import namespace="http://xmlns.oracle.com/LoanOriginationProcess/LoanOrigination/LoanOriginationEventService"
          location="WSDLs/LoanOriginationEventService.wsdl" importType="wsdl"/>
  <import namespace="http://xmlns.oracle.com/LoanOriginationProcess/LoanOrigination/LoanEvent"
          location="Events/LoanEvent.edl" importType="edl"/>
  <import namespace="http://xmlns.oracle.com/bpmn/bpmnProcess/LOProcessMultiEvent"
          location="WSDLs/LOProcessMultiEvent.wsdl" importType="wsdl"/>
  <import namespace="http://xmlns.oracle.com/bpel/workflow/taskService"
          location="oramds:/soa/shared/workflow/TaskServiceInterface.wsdl" importType="wsdl"/>
  <import namespace="http://xmlns.oracle.com/pcbpel/adapter/jms/LoanOriginationProcess/LoanOrigination/ConsumeLoanRequest"
          location="WSDLs/ConsumeLoanRequest.wsdl" importType="wsdl"/>
  <service name="LOProcessOneRequestTwoResponse.service" ui:wsdlLocation="WSDLs/LOProcessOneRequestTwoResponse.wsdl">
    <interface.wsdl interface="http://xmlns.oracle.com/bpmn/bpmnProcess/LOProcessOneRequestTwoResponse#wsdl.interface(LOProcessOneRequestTwoResponsePortType)"
                    callbackInterface="http://xmlns.oracle.com/bpmn/bpmnProcess/LOProcessOneRequestTwoResponse#wsdl.interface(LOProcessOneRequestTwoResponsePortTypeCallBack)"/>
    <binding.ws port="http://xmlns.oracle.com/bpmn/bpmnProcess/LOProcessOneRequestTwoResponse#wsdl.endpoint(LOProcessOneRequestTwoResponse.service/LOProcessOneRequestTwoResponsePort)"/>
    <callback>
      <binding.ws port="http://xmlns.oracle.com/bpmn/bpmnProcess/LOProcessOneRequestTwoResponse#wsdl.endpoint(LOProcessOneRequestTwoResponse.service/LOProcessOneRequestTwoResponsePortTypeCallBack_pt)"/>
    </callback>
  </service>
  <service name="LOProcessSendReceive.service" ui:wsdlLocation="WSDLs/LOProcessSendReceive.wsdl">
    <interface.wsdl interface="http://xmlns.oracle.com/bpmn/bpmnProcess/LOProcessSendReceive#wsdl.interface(LOProcessSendReceivePortType)"
                    callbackInterface="http://xmlns.oracle.com/bpmn/bpmnProcess/LOProcessSendReceive#wsdl.interface(LOProcessSendReceivePortTypeCallBack)"/>
    <binding.ws port="http://xmlns.oracle.com/bpmn/bpmnProcess/LOProcessSendReceive#wsdl.endpoint(LOProcessSendReceive.service/LOProcessSendReceivePort)"/>
    <callback>
      <binding.ws port="http://xmlns.oracle.com/bpmn/bpmnProcess/LOProcessSendReceive#wsdl.endpoint(LOProcessSendReceive.service/LOProcessSendReceivePortTypeCallBack_pt)"/>
    </callback>
  </service>
  <service name="ReceiveLOEmail" ui:wsdlLocation="WSDLs/ReceiveLOEmail.wsdl">
    <interface.wsdl interface="http://xmlns.oracle.com/pcbpel/adapter/ums/LoanOriginationProcess/LoanOrigination/ReceiveLOEmail#wsdl.interface(ReceiveLONotification_ptt)"/>
    <binding.jca config="Adapters/ReceiveLOEmail_ums.jca">
      <property name="useRejectedMessageRecovery" type="xs:string" many="false" override="may">true</property>
    </binding.jca>
  </service>
  <service name="loanoriginationeventservice_client_ep" ui:wsdlLocation="WSDLs/LoanOriginationEventService.wsdl">
    <interface.wsdl interface="http://xmlns.oracle.com/LoanOriginationProcess/LoanOrigination/LoanOriginationEventService#wsdl.interface(LoanOriginationEventService)"/>
    <binding.ws port="http://xmlns.oracle.com/LoanOriginationProcess/LoanOrigination/LoanOriginationEventService#wsdl.endpoint(loanoriginationeventservice_client_ep/LoanOriginationEventService_pt)"/>
  </service>
  <service name="LOProcessMultiEvent.service" ui:wsdlLocation="WSDLs/LOProcessMultiEvent.wsdl">
    <interface.wsdl interface="http://xmlns.oracle.com/bpmn/bpmnProcess/LOProcessMultiEvent#wsdl.interface(LOProcessMultiEventPortType)"/>
    <binding.ws port="http://xmlns.oracle.com/bpmn/bpmnProcess/LOProcessMultiEvent#wsdl.endpoint(LOProcessMultiEvent.service/LOProcessMultiEventPort)"/>
  </service>
  <service name="ConsumeLoanRequest" ui:wsdlLocation="WSDLs/ConsumeLoanRequest.wsdl">
    <interface.wsdl interface="http://xmlns.oracle.com/pcbpel/adapter/jms/LoanOriginationProcess/LoanOrigination/ConsumeLoanRequest#wsdl.interface(Consume_Message_ptt)"/>
    <binding.jca config="Adapters/ConsumeLoanRequest_jms.jca">
      <property name="useRejectedMessageRecovery" type="xs:string" many="false" override="may">true</property>
    </binding.jca>
  </service>
  <service name="LOProcessAsService.service" ui:wsdlLocation="WSDLs/LOProcessAsService.wsdl">
    <interface.wsdl interface="http://xmlns.oracle.com/bpmn/bpmnProcess/LOProcessAsService#wsdl.interface(LOProcessAsServicePortType)"
                    callbackInterface="http://xmlns.oracle.com/bpmn/bpmnProcess/LOProcessAsService#wsdl.interface(LOProcessAsServicePortTypeCallBack)"/>
    <binding.ws port="http://xmlns.oracle.com/bpmn/bpmnProcess/LOProcessAsService#wsdl.endpoint(LOProcessAsService.service/LOProcessAsServicePort)"/>
    <callback>
      <binding.ws port="http://xmlns.oracle.com/bpmn/bpmnProcess/LOProcessAsService#wsdl.endpoint(LOProcessAsService.service/LOProcessAsServicePortTypeCallBack_pt)"/>
    </callback>
  </service>
  <property name="productVersion" type="xs:string" many="false">12.1.3.0.0</property>
  <property name="compositeID" type="xs:string" many="false">8b8b31d6-b72e-4f5d-9d44-6a0d5747122b</property>
  <component name="LOProcessAsService">
    <implementation.bpmn src="processes/LOProcessAsService.bpmn"/>
    <componentType>
      <service name="LOProcessAsService.service" ui:wsdlLocation="WSDLs/LOProcessAsService.wsdl">
        <interface.wsdl interface="http://xmlns.oracle.com/bpmn/bpmnProcess/LOProcessAsService#wsdl.interface(LOProcessAsServicePortType)"
                        callbackInterface="http://xmlns.oracle.com/bpmn/bpmnProcess/LOProcessAsService#wsdl.interface(LOProcessAsServicePortTypeCallBack)"/>
        <property name="bpm.generated.service.reference" type="xs:string" many="false">LOProcessAsService.service</property>
      </service>
    </componentType>
  </component>
  <component name="LOProcessOneRequestTwoResponse">
    <implementation.bpmn src="processes/LOProcessOneRequestTwoResponse.bpmn"/>
    <componentType>
      <service name="LOProcessOneRequestTwoResponse.service"
               ui:wsdlLocation="WSDLs/LOProcessOneRequestTwoResponse.wsdl">
        <interface.wsdl interface="http://xmlns.oracle.com/bpmn/bpmnProcess/LOProcessOneRequestTwoResponse#wsdl.interface(LOProcessOneRequestTwoResponsePortType)"
                        callbackInterface="http://xmlns.oracle.com/bpmn/bpmnProcess/LOProcessOneRequestTwoResponse#wsdl.interface(LOProcessOneRequestTwoResponsePortTypeCallBack)"/>
        <property name="bpm.generated.service.reference" type="xs:string" many="false">LOProcessOneRequestTwoResponse.service</property>
      </service>
    </componentType>
  </component>
  <component name="LOProcessSendReceive">
    <implementation.bpmn src="processes/LOProcessSendReceive.bpmn"/>
    <componentType>
      <service name="LOProcessSendReceive.service" ui:wsdlLocation="WSDLs/LOProcessSendReceive.wsdl">
        <interface.wsdl interface="http://xmlns.oracle.com/bpmn/bpmnProcess/LOProcessSendReceive#wsdl.interface(LOProcessSendReceivePortType)"
                        callbackInterface="http://xmlns.oracle.com/bpmn/bpmnProcess/LOProcessSendReceive#wsdl.interface(LOProcessSendReceivePortTypeCallBack)"/>
        <property name="bpm.generated.service.reference" type="xs:string" many="false">LOProcessSendReceive.service</property>
      </service>
    </componentType>
  </component>
  <component name="LOProcessSchedule">
    <implementation.bpmn src="processes/LOProcessSchedule.bpmn"/>
    <componentType/>
  </component>
  <component name="LOProcessActivationFromEmail">
    <implementation.bpmn src="processes/LOProcessActivationFromEmail.bpmn"/>
    <componentType>
      <service name="References.Externals.ReceiveLOEmail.service" ui:wsdlLocation="WSDLs/ReceiveLOEmail.wsdl">
        <interface.wsdl interface="http://xmlns.oracle.com/pcbpel/adapter/ums/LoanOriginationProcess/LoanOrigination/ReceiveLOEmail#wsdl.interface(ReceiveLONotification_ptt)"/>
      </service>
    </componentType>
  </component>
  <component name="LoanOriginationEventService" version="2.0">
    <implementation.bpel src="BPEL/LoanOriginationEventService.bpel"/>
    <componentType>
      <service name="loanoriginationeventservice_client" ui:wsdlLocation="WSDLs/LoanOriginationEventService.wsdl">
        <interface.wsdl interface="http://xmlns.oracle.com/LoanOriginationProcess/LoanOrigination/LoanOriginationEventService#wsdl.interface(LoanOriginationEventService)"/>
      </service>
    </componentType>
    <property name="bpel.config.oneWayDeliveryPolicy" type="xs:string" many="false">async.persist</property>
    <business-events>
      <publishes xmlns:pub1="http://xmlns.oracle.com/LoanOriginationProcess/LoanOrigination/LoanEvent"
                 name="pub1:LoanOriginationEvent" persistent="true" priority="4" timeToLive="0"/>
    </business-events>
  </component>
  <component name="LOProcessActivationFromEvent">
    <implementation.bpmn src="processes/LOProcessActivationFromEvent.bpmn"/>
    <componentType/>
    <business-events>
      <subscribe xmlns:sub1="http://xmlns.oracle.com/LoanOriginationProcess/LoanOrigination/LoanEvent"
                 name="sub1:LoanOriginationEvent" consistency="oneAndOnlyOne" durable="true" runAsRoles="$publisher"/>
    </business-events>
  </component>
  <component name="LOProcessMultiEvent">
    <implementation.bpmn src="processes/LOProcessMultiEvent.bpmn"/>
    <componentType>
      <service name="LOProcessMultiEvent.service" ui:wsdlLocation="WSDLs/LOProcessMultiEvent.wsdl">
        <interface.wsdl interface="http://xmlns.oracle.com/bpmn/bpmnProcess/LOProcessMultiEvent#wsdl.interface(LOProcessMultiEventPortType)"/>
        <property name="bpm.generated.service.reference" type="xs:string" many="false">LOProcessMultiEvent.service</property>
      </service>
    </componentType>
  </component>
  <component name="LOProcessHumanInitiation">
    <implementation.bpmn src="processes/LOProcessHumanInitiation.bpmn"/>
    <componentType>
      <reference name="HumanTasks.LOProcessHumanInitiationTask.reference"
                 ui:wsdlLocation="oramds:/soa/shared/workflow/TaskServiceInterface.wsdl">
        <interface.wsdl interface="http://xmlns.oracle.com/bpel/workflow/taskService#wsdl.interface(TaskService)"
                        callbackInterface="http://xmlns.oracle.com/bpel/workflow/taskService#wsdl.interface(TaskServiceCallback)"/>
      </reference>
    </componentType>
    <property name="bpel.config.oneWayDeliveryPolicy" type="xs:string" many="false">sync</property>
    <property name="bpel.config.transaction" type="xs:string" many="false">required</property>
  </component>
  <component name="LOProcessHumanInitiationTask">
    <implementation.workflow src="HumanTasks/LOProcessHumanInitiationTask.task"/>
    <componentType>
      <service name="TaskService" ui:wsdlLocation="oramds:/soa/shared/workflow/TaskServiceInterface.wsdl">
        <interface.wsdl interface="http://xmlns.oracle.com/bpel/workflow/taskService#wsdl.interface(TaskService)"
                        callbackInterface="http://xmlns.oracle.com/bpel/workflow/taskService#wsdl.interface(TaskServiceCallback)"/>
      </service>
    </componentType>
  </component>
  <component name="LOProcessActivationFromQueue">
    <implementation.bpmn src="processes/LOProcessActivationFromQueue.bpmn"/>
    <componentType>
      <service name="References.Externals.ConsumeLoanRequest.service" ui:wsdlLocation="WSDLs/ConsumeLoanRequest.wsdl">
        <interface.wsdl interface="http://xmlns.oracle.com/pcbpel/adapter/jms/LoanOriginationProcess/LoanOrigination/ConsumeLoanRequest#wsdl.interface(Consume_Message_ptt)"/>
      </service>
    </componentType>
  </component>
  <wire>
    <source.uri>LOProcessOneRequestTwoResponse.service</source.uri>
    <target.uri>LOProcessOneRequestTwoResponse/LOProcessOneRequestTwoResponse.service</target.uri>
  </wire>
  <wire>
    <source.uri>LOProcessSendReceive.service</source.uri>
    <target.uri>LOProcessSendReceive/LOProcessSendReceive.service</target.uri>
  </wire>
  <wire>
    <source.uri>ReceiveLOEmail</source.uri>
    <target.uri>LOProcessActivationFromEmail/References.Externals.ReceiveLOEmail.service</target.uri>
  </wire>
  <wire>
    <source.uri>loanoriginationeventservice_client_ep</source.uri>
    <target.uri>LoanOriginationEventService/loanoriginationeventservice_client</target.uri>
  </wire>
  <wire>
    <source.uri>LOProcessMultiEvent.service</source.uri>
    <target.uri>LOProcessMultiEvent/LOProcessMultiEvent.service</target.uri>
  </wire>
  <wire>
    <source.uri>LOProcessHumanInitiation/HumanTasks.LOProcessHumanInitiationTask.reference</source.uri>
    <target.uri>LOProcessHumanInitiationTask/TaskService</target.uri>
  </wire>
  <wire>
    <source.uri>ConsumeLoanRequest</source.uri>
    <target.uri>LOProcessActivationFromQueue/References.Externals.ConsumeLoanRequest.service</target.uri>
  </wire>
  <wire>
    <source.uri>LOProcessAsService.service</source.uri>
    <target.uri>LOProcessAsService/LOProcessAsService.service</target.uri>
  </wire>
</composite>
