<?xml version="1.0" encoding="UTF-8" standalone="yes"?>
<?oracleBPM version="12.1.3.0.0.00.00" fileRevision="20120601"?>
<processDocumentation xmlns="http://xmlns.oracle.com/bpm/taskMetadataService/processDocumentation">
   <component name="LOProcessHumanInitiation">
      <topicDocumentations>
         <topicDocumentation name="LOProcessHumanInitiation">
            <descriptions>
               <description locale="en">LOProcessHumanInitiation</description>
            </descriptions>
         </topicDocumentation>
         <topicDocumentation name="ACT10471467918889">
            <labels>
               <label locale="en">LOProcessHumanInitiationTask</label>
            </labels>
            <descriptions>
               <description locale="en">LOProcessHumanInitiationTask</description>
            </descriptions>
         </topicDocumentation>
         <topicDocumentation name="ACT10471659343267">
            <labels>
               <label locale="en">SomeotherActivitites</label>
            </labels>
            <descriptions>
               <description locale="en"></description>
            </descriptions>
         </topicDocumentation>
         <topicDocumentation name="EVT1047146791873">
            <labels>
               <label locale="en">Start</label>
            </labels>
            <descriptions>
               <description locale="en"></description>
            </descriptions>
         </topicDocumentation>
         <topicDocumentation name="EVT10471467918886">
            <labels>
               <label locale="en">End</label>
            </labels>
         </topicDocumentation>
         <topicDocumentation name="sf10471467918820"/>
         <topicDocumentation name="sf10471467918983"/>
         <topicDocumentation name="sf10471660190231"/>
      </topicDocumentations>
   </component>
</processDocumentation>