<?xml version="1.0" encoding="UTF-8" standalone="yes"?>
<?oracleBPM version="12.1.3.0.0.00.00" fileRevision="20120601"?>
<processDocumentation xmlns="http://xmlns.oracle.com/bpm/taskMetadataService/processDocumentation">
   <component name="LOProcessSendReceive">
      <topicDocumentations>
         <topicDocumentation name="LOProcessSendReceive"/>
         <topicDocumentation name="ACT10464377083222">
            <labels>
               <label locale="en">ReceiveLoanOriginationReq</label>
            </labels>
            <descriptions>
               <description locale="en"></description>
            </descriptions>
         </topicDocumentation>
         <topicDocumentation name="ACT10464377660882">
            <labels>
               <label locale="en">SendLoanOriginationResp</label>
            </labels>
            <descriptions>
               <description locale="en"></description>
            </descriptions>
         </topicDocumentation>
         <topicDocumentation name="ACT10464378514521">
            <labels>
               <label locale="en">SomeOtherActivity</label>
            </labels>
            <descriptions>
               <description locale="en"></description>
            </descriptions>
         </topicDocumentation>
         <topicDocumentation name="EVT10464359638121">
            <labels>
               <label locale="en">Start</label>
            </labels>
            <descriptions>
               <description locale="en"></description>
            </descriptions>
         </topicDocumentation>
         <topicDocumentation name="EVT10464359638278">
            <labels>
               <label locale="en">End</label>
            </labels>
            <descriptions>
               <description locale="en"></description>
            </descriptions>
         </topicDocumentation>
         <topicDocumentation name="sf10464359638231"/>
         <topicDocumentation name="sf1046437731323"/>
         <topicDocumentation name="sf10464377885350"/>
         <topicDocumentation name="sf10464379242012"/>
      </topicDocumentations>
   </component>
</processDocumentation>