<?xml version="1.0" encoding="UTF-8" standalone="yes"?>
<?oracleBPM version="12.1.3.0.0.00.00" fileRevision="20120601"?>
<processDocumentation xmlns="http://xmlns.oracle.com/bpm/taskMetadataService/processDocumentation">
   <component name="LOProcessMultiEvent">
      <topicDocumentations>
         <topicDocumentation name="LOProcessMultiEvent">
            <descriptions>
               <description locale="en">LOProcessMultiEvent</description>
            </descriptions>
         </topicDocumentation>
         <topicDocumentation name="ACT10471284069571">
            <labels>
               <label locale="en">NewLoanApplication- OtherFunctions</label>
            </labels>
            <descriptions>
               <description locale="en"></description>
            </descriptions>
         </topicDocumentation>
         <topicDocumentation name="ACT10471284337568">
            <labels>
               <label locale="en">ReLoanApplication- OtherFunctions</label>
            </labels>
            <descriptions>
               <description locale="en"></description>
            </descriptions>
         </topicDocumentation>
         <topicDocumentation name="EVT10471275549660">
            <labels>
               <label locale="en">EndNewLoanApplication</label>
            </labels>
            <descriptions>
               <description locale="en"></description>
            </descriptions>
         </topicDocumentation>
         <topicDocumentation name="EVT10471280582554">
            <labels>
               <label locale="en">NewLoanApplication</label>
            </labels>
            <descriptions>
               <description locale="en"></description>
            </descriptions>
         </topicDocumentation>
         <topicDocumentation name="EVT10471280582593">
            <labels>
               <label locale="en">ReLoanApplication</label>
            </labels>
            <descriptions>
               <description locale="en"></description>
            </descriptions>
         </topicDocumentation>
         <topicDocumentation name="EVT10471290233618">
            <labels>
               <label locale="en">EndReLoanApplication</label>
            </labels>
            <descriptions>
               <description locale="en"></description>
            </descriptions>
         </topicDocumentation>
         <topicDocumentation name="GTW10471280206988">
            <labels>
               <label locale="en">LOProcessing</label>
            </labels>
            <descriptions>
               <description locale="en"></description>
            </descriptions>
         </topicDocumentation>
         <topicDocumentation name="sf10471280582915"/>
         <topicDocumentation name="sf10471280582994"/>
         <topicDocumentation name="sf10471286876781"/>
         <topicDocumentation name="sf10471287131920"/>
         <topicDocumentation name="sf10471289141484"/>
         <topicDocumentation name="sf10471291225383"/>
      </topicDocumentations>
   </component>
</processDocumentation>