<?xml version="1.0" encoding="UTF-8"?>
<ns0:measurements xmlns:ns0="http://xmlns.oracle.com/bpm/analytics/measurementV20">
   <ns0:compositeDN>LoanOrigination</ns0:compositeDN>
   <ns0:measurementElements>
      <ns0:measurementElement name="Composite_Measurement" type="COMPOSITE" enabled="true" userDefined="false">
         <ns0:elementSelection>
            <ns0:specificSelection>INTERACTIVE</ns0:specificSelection>
         </ns0:elementSelection>
         <ns0:elementStates>
            <ns0:allList>ALL</ns0:allList>
         </ns0:elementStates>
         <ns0:businessIndicators allDimensions="true" allMeasures="true" allAttributes="true"/>
      </ns0:measurementElement>
      <ns0:measurementElement name="Composite_Measurement" type="COMPOSITE" enabled="true" userDefined="false">
         <ns0:elementSelection>
            <ns0:specificSelection>INTERACTIVE</ns0:specificSelection>
         </ns0:elementSelection>
         <ns0:elementStates>
            <ns0:allList>ALL</ns0:allList>
         </ns0:elementStates>
         <ns0:businessIndicators allDimensions="true" allMeasures="true" allAttributes="true"/>
      </ns0:measurementElement>
      <ns0:measurementElement name="LoanOriginationEventService_Measurement" type="COMPONENT" enabled="true" userDefined="false">
         <ns0:componentName>LoanOriginationEventService</ns0:componentName>
         <ns0:elementSelection>
            <ns0:specificSelection>INTERACTIVE</ns0:specificSelection>
         </ns0:elementSelection>
         <ns0:elementStates>
            <ns0:allList>ALL</ns0:allList>
         </ns0:elementStates>
         <ns0:businessIndicators allDimensions="true" allMeasures="true" allAttributes="true"/>
      </ns0:measurementElement>
   </ns0:measurementElements>
</ns0:measurements>
