<?xml version="1.0" encoding="UTF-8" standalone="yes"?>
<?oracleBPM version="12.1.3.0.0.00.00" fileRevision="20120601"?>
<processDocumentation xmlns="http://xmlns.oracle.com/bpm/taskMetadataService/processDocumentation">
   <component name="HumanTaskRouting">
      <topicDocumentations>
         <topicDocumentation name="HumanTaskRouting"/>
         <topicDocumentation name="ACT10395066358011">
            <labels>
               <label locale="en">ParallelRoutingTask</label>
            </labels>
            <descriptions>
               <description locale="en"></description>
            </descriptions>
         </topicDocumentation>
         <topicDocumentation name="EVT1039505020038">
            <labels>
               <label locale="en">Start</label>
            </labels>
            <descriptions>
               <description locale="en"></description>
            </descriptions>
         </topicDocumentation>
         <topicDocumentation name="EVT10395050200496">
            <labels>
               <label locale="en">End</label>
            </labels>
         </topicDocumentation>
         <topicDocumentation name="sf10395050200462"/>
         <topicDocumentation name="sf10395071657976"/>
      </topicDocumentations>
   </component>
</processDocumentation>