<?xml version="1.0" encoding="UTF-8" ?>
<pageDefinition xmlns="http://xmlns.oracle.com/adfm/uimodel" version="12.1.3.10.8" id="taskDetails1PageDef"
                Package="taskform.pageDefs">
  <parameters/>
  <executables>
    <variableIterator id="variables"/>
    <methodIterator Binds="getTaskDetails.result" DataControl="TaskForm_LOProcessHumanInitiationTask" RangeSize="25"
                    BeanClass="TaskForm_LOProcessHumanInitiationTask.getTaskDetails" id="getTaskDetailsIterator"/>
    <accessorIterator MasterBinding="getTaskDetailsIterator" Binds="task" RangeSize="25"
                      DataControl="TaskForm_LOProcessHumanInitiationTask"
                      BeanClass="TaskForm_LOProcessHumanInitiationTask.task" id="taskIterator" StateValidation="false"/>
    <accessorIterator MasterBinding="taskIterator" Binds="systemAttributes" RangeSize="25"
                      DataControl="TaskForm_LOProcessHumanInitiationTask"
                      BeanClass="TaskForm_LOProcessHumanInitiationTask.systemAttributesType"
                      id="systemAttributesIterator"/>
    <accessorIterator MasterBinding="systemAttributesIterator" Binds="systemActions" RangeSize="50"
                      DataControl="TaskForm_LOProcessHumanInitiationTask"
                      BeanClass="TaskForm_LOProcessHumanInitiationTask.actionType" id="systemActionsIterator"
                      StateValidation="false"/>
    <accessorIterator MasterBinding="systemAttributesIterator" Binds="customActions" RangeSize="25"
                      DataControl="TaskForm_LOProcessHumanInitiationTask"
                      BeanClass="TaskForm_LOProcessHumanInitiationTask.actionType" id="customActionsIterator"/>
    <accessorIterator MasterBinding="systemAttributesIterator" Binds="fromUser" RangeSize="25"
                      DataControl="TaskForm_LOProcessHumanInitiationTask"
                      BeanClass="TaskForm_LOProcessHumanInitiationTask.identityType" id="fromUserIterator"/>
    <accessorIterator MasterBinding="systemAttributesIterator" Binds="assignees" RangeSize="25"
                      DataControl="TaskForm_LOProcessHumanInitiationTask"
                      BeanClass="TaskForm_LOProcessHumanInitiationTask.identityType" id="assigneesIterator"
                      StateValidation="false"/>
    <accessorIterator MasterBinding="taskIterator" Binds="payload" RangeSize="25"
                      DataControl="TaskForm_LOProcessHumanInitiationTask"
                      BeanClass="TaskForm_LOProcessHumanInitiationTask.LOProcessHumanInitiationTaskPayloadType"
                      id="payloadIterator"/>
    <accessorIterator MasterBinding="payloadIterator" Binds="LoanRequest" RangeSize="25"
                      DataControl="TaskForm_LOProcessHumanInitiationTask"
                      BeanClass="TaskForm_LOProcessHumanInitiationTask.LoanRequestType" id="LoanRequestIterator"/>
    <accessorIterator MasterBinding="LoanRequestIterator" Binds="LoanDetails" RangeSize="25"
                      DataControl="TaskForm_LOProcessHumanInitiationTask"
                      BeanClass="TaskForm_LOProcessHumanInitiationTask.LoanDetailsType" id="LoanDetailsIterator"/>
    <accessorIterator MasterBinding="LoanRequestIterator" Binds="ApplicantDetails" RangeSize="25"
                      DataControl="TaskForm_LOProcessHumanInitiationTask"
                      BeanClass="TaskForm_LOProcessHumanInitiationTask.ApplicantDetailsType"
                      id="ApplicantDetailsIterator"/>
    <accessorIterator MasterBinding="ApplicantDetailsIterator" Binds="ApplicantInformation" RangeSize="25"
                      DataControl="TaskForm_LOProcessHumanInitiationTask"
                      BeanClass="TaskForm_LOProcessHumanInitiationTask.ApplicantInformationType"
                      id="ApplicantInformationIterator"/>
    <accessorIterator MasterBinding="ApplicantDetailsIterator" Binds="Address" RangeSize="25"
                      DataControl="TaskForm_LOProcessHumanInitiationTask"
                      BeanClass="TaskForm_LOProcessHumanInitiationTask.AddressType" id="AddressIterator"/>
    <accessorIterator MasterBinding="ApplicantDetailsIterator" Binds="Contact" RangeSize="25"
                      DataControl="TaskForm_LOProcessHumanInitiationTask"
                      BeanClass="TaskForm_LOProcessHumanInitiationTask.ContactType" id="ContactIterator"/>
    <accessorIterator MasterBinding="ApplicantDetailsIterator" Binds="IncomeEmployment" RangeSize="25"
                      DataControl="TaskForm_LOProcessHumanInitiationTask"
                      BeanClass="TaskForm_LOProcessHumanInitiationTask.IncomeAndEmploymentType"
                      id="IncomeEmploymentIterator"/>
    <accessorIterator MasterBinding="taskIterator" Binds="userComment" RangeSize="25"
                      DataControl="TaskForm_LOProcessHumanInitiationTask"
                      BeanClass="TaskForm_LOProcessHumanInitiationTask.commentType" id="userCommentIterator"
                      StateValidation="false"/>
    <accessorIterator MasterBinding="userCommentIterator" Binds="updatedBy" RangeSize="25"
                      DataControl="TaskForm_LOProcessHumanInitiationTask"
                      BeanClass="TaskForm_LOProcessHumanInitiationTask.identityType" id="updatedByIterator"
                      StateValidation="false"/>
    <accessorIterator MasterBinding="taskIterator" Binds="attachment" RangeSize="25"
                      DataControl="TaskForm_LOProcessHumanInitiationTask"
                      BeanClass="TaskForm_LOProcessHumanInitiationTask.attachmentType" id="attachmentIterator"
                      StateValidation="false"/>
    <accessorIterator MasterBinding="attachmentIterator" Binds="ucmMetadataItem" RangeSize="25"
                      DataControl="TaskForm_LOProcessHumanInitiationTask"
                      BeanClass="TaskForm_LOProcessHumanInitiationTask.ucmMetadataItemType"
                      id="ucmMetadataItemIterator" StateValidation="false"/>
  </executables>
  <bindings>
    <methodAction id="getTaskDetails" RequiresUpdateModel="true" Action="invokeMethod" MethodName="getTaskDetails"
                  IsViewObjectMethod="false" DataControl="TaskForm_LOProcessHumanInitiationTask"
                  InstanceName="data.TaskForm_LOProcessHumanInitiationTask"
                  ReturnName="data.TaskForm_LOProcessHumanInitiationTask.methodResults.getTaskDetails_TaskForm_LOProcessHumanInitiationTask_getTaskDetails_result">
      <NamedData NDName="bpmWorklistContext" NDType="java.lang.String" NDValue=""/>
      <NamedData NDName="bpmWorklistTaskId" NDType="java.lang.String" NDValue=""/>
      <NamedData NDName="bpmWorklistTaskVersion" NDType="java.lang.String" NDValue=""/>
    </methodAction>
    <methodAction IterBinding="taskIterator" id="UpdateAction" RequiresUpdateModel="true" Action="invokeMethod"
                  MethodName="UpdateAction" IsViewObjectMethod="false"
                  DataControl="TaskForm_LOProcessHumanInitiationTask"
                  InstanceName="bindings.taskIterator.currentRow.dataProvider" IsLocalObjectReference="true">
      <NamedData NDName="action" NDType="java.lang.String" NDValue=""/>
    </methodAction>
    <attributeValues IterBinding="taskIterator" id="title">
      <AttrNames>
        <Item Value="title"/>
      </AttrNames>
    </attributeValues>
    <methodAction IterBinding="taskIterator" id="update" RequiresUpdateModel="true" Action="invokeMethod"
                  MethodName="update" IsViewObjectMethod="false" DataControl="TaskForm_LOProcessHumanInitiationTask"
                  InstanceName="bindings.taskIterator.currentRow.dataProvider" IsLocalObjectReference="true"/>
    <navigationlist IterBinding="systemActionsIterator" ListOperMode="navigation" ListIter="systemActionsIterator"
                    id="systemActions">
      <AttrNames>
        <Item Value="action"/>
        <Item Value="displayName"/>
      </AttrNames>
    </navigationlist>
    <attributeValues IterBinding="systemAttributesIterator" id="digitalSignatureRequired">
      <AttrNames>
        <Item Value="digitalSignatureRequired"/>
      </AttrNames>
    </attributeValues>
    <attributeValues IterBinding="systemAttributesIterator" id="passwordRequiredOnUpdate">
      <AttrNames>
        <Item Value="passwordRequiredOnUpdate"/>
      </AttrNames>
    </attributeValues>
    <navigationlist IterBinding="customActionsIterator" ListOperMode="navigation" ListIter="customActionsIterator"
                    id="customActions">
      <AttrNames>
        <Item Value="action"/>
        <Item Value="displayName"/>
      </AttrNames>
    </navigationlist>
    <methodAction IterBinding="taskIterator" id="Claim" RequiresUpdateModel="true" Action="invokeMethod"
                  MethodName="Claim" IsViewObjectMethod="false" DataControl="TaskForm_LOProcessHumanInitiationTask"
                  InstanceName="bindings.taskIterator.currentRow.dataProvider" IsLocalObjectReference="true"/>
    <methodAction IterBinding="taskIterator" id="Acknowledge" RequiresUpdateModel="true" Action="invokeMethod"
                  MethodName="Acknowledge" IsViewObjectMethod="false"
                  DataControl="TaskForm_LOProcessHumanInitiationTask"
                  InstanceName="bindings.taskIterator.currentRow.dataProvider" IsLocalObjectReference="true"/>
    <methodAction IterBinding="taskIterator" id="Resume" RequiresUpdateModel="true" Action="invokeMethod"
                  MethodName="Resume" IsViewObjectMethod="false" DataControl="TaskForm_LOProcessHumanInitiationTask"
                  InstanceName="bindings.taskIterator.currentRow.dataProvider" IsLocalObjectReference="true"/>
    <methodAction IterBinding="taskIterator" id="Withdraw" RequiresUpdateModel="true" Action="invokeMethod"
                  MethodName="Withdraw" IsViewObjectMethod="false" DataControl="TaskForm_LOProcessHumanInitiationTask"
                  InstanceName="bindings.taskIterator.currentRow.dataProvider" IsLocalObjectReference="true"/>
    <methodAction IterBinding="taskIterator" id="SUBMIT" RequiresUpdateModel="true" Action="invokeMethod"
                  MethodName="SUBMIT" IsViewObjectMethod="false" DataControl="TaskForm_LOProcessHumanInitiationTask"
                  InstanceName="bindings.taskIterator.currentRow.dataProvider" IsLocalObjectReference="true"/>
    <attributeValues IterBinding="taskIterator" id="creator">
      <AttrNames>
        <Item Value="creator"/>
      </AttrNames>
    </attributeValues>
    <attributeValues IterBinding="taskIterator" id="ownerUser">
      <AttrNames>
        <Item Value="ownerUser"/>
      </AttrNames>
    </attributeValues>
    <attributeValues IterBinding="taskIterator" id="priority">
      <AttrNames>
        <Item Value="priority"/>
      </AttrNames>
    </attributeValues>
    <attributeValues IterBinding="taskIterator" id="dueDate">
      <AttrNames>
        <Item Value="dueDate"/>
      </AttrNames>
    </attributeValues>
    <attributeValues IterBinding="taskIterator" id="creatorDisplayName">
      <AttrNames>
        <Item Value="creatorDisplayName"/>
      </AttrNames>
    </attributeValues>
    <attributeValues IterBinding="taskIterator" id="ownerUserDisplayName">
      <AttrNames>
        <Item Value="ownerUserDisplayName"/>
      </AttrNames>
    </attributeValues>
    <attributeValues IterBinding="systemAttributesIterator" id="acquiredBy">
      <AttrNames>
        <Item Value="acquiredBy"/>
      </AttrNames>
    </attributeValues>
    <attributeValues IterBinding="systemAttributesIterator" id="assignedDate">
      <AttrNames>
        <Item Value="assignedDate"/>
      </AttrNames>
    </attributeValues>
    <attributeValues IterBinding="systemAttributesIterator" id="createdDate">
      <AttrNames>
        <Item Value="createdDate"/>
      </AttrNames>
    </attributeValues>
    <attributeValues IterBinding="systemAttributesIterator" id="expirationDate">
      <AttrNames>
        <Item Value="expirationDate"/>
      </AttrNames>
    </attributeValues>
    <attributeValues IterBinding="systemAttributesIterator" id="outcome">
      <AttrNames>
        <Item Value="outcome"/>
      </AttrNames>
    </attributeValues>
    <attributeValues IterBinding="systemAttributesIterator" id="state">
      <AttrNames>
        <Item Value="state"/>
      </AttrNames>
    </attributeValues>
    <attributeValues IterBinding="systemAttributesIterator" id="taskNumber">
      <AttrNames>
        <Item Value="taskNumber"/>
      </AttrNames>
    </attributeValues>
    <attributeValues IterBinding="systemAttributesIterator" id="updatedDate">
      <AttrNames>
        <Item Value="updatedDate"/>
      </AttrNames>
    </attributeValues>
    <attributeValues IterBinding="systemAttributesIterator" id="actionDisplayName">
      <AttrNames>
        <Item Value="actionDisplayName"/>
      </AttrNames>
    </attributeValues>
    <attributeValues IterBinding="systemAttributesIterator" id="activityId">
      <AttrNames>
        <Item Value="activityId"/>
      </AttrNames>
    </attributeValues>
    <attributeValues IterBinding="fromUserIterator" id="id">
      <AttrNames>
        <Item Value="id"/>
      </AttrNames>
    </attributeValues>
    <attributeValues IterBinding="fromUserIterator" id="displayName">
      <AttrNames>
        <Item Value="displayName"/>
      </AttrNames>
    </attributeValues>
    <tree IterBinding="assigneesIterator" id="assignees">
      <nodeDefinition DefName="TaskForm_LOProcessHumanInitiationTask.identityType">
        <AttrNames>
          <Item Value="id"/>
          <Item Value="displayName"/>
          <Item Value="type"/>
          <Item Value="systemVersionFlag"/>
        </AttrNames>
      </nodeDefinition>
    </tree>
    <attributeValues IterBinding="LoanRequestIterator" id="LoanStatus">
      <AttrNames>
        <Item Value="LoanStatus"/>
      </AttrNames>
    </attributeValues>
    <attributeValues IterBinding="LoanDetailsIterator" id="ApplicantID">
      <AttrNames>
        <Item Value="ApplicantID"/>
      </AttrNames>
    </attributeValues>
    <attributeValues IterBinding="LoanDetailsIterator" id="Product">
      <AttrNames>
        <Item Value="Product"/>
      </AttrNames>
    </attributeValues>
    <attributeValues IterBinding="LoanDetailsIterator" id="Amount">
      <AttrNames>
        <Item Value="Amount"/>
      </AttrNames>
    </attributeValues>
    <attributeValues IterBinding="LoanDetailsIterator" id="ApplicationDate">
      <AttrNames>
        <Item Value="ApplicationDate"/>
      </AttrNames>
    </attributeValues>
    <attributeValues IterBinding="LoanDetailsIterator" id="Channel">
      <AttrNames>
        <Item Value="Channel"/>
      </AttrNames>
    </attributeValues>
    <attributeValues IterBinding="LoanDetailsIterator" id="Source">
      <AttrNames>
        <Item Value="Source"/>
      </AttrNames>
    </attributeValues>
    <attributeValues IterBinding="LoanDetailsIterator" id="InterestRate">
      <AttrNames>
        <Item Value="InterestRate"/>
      </AttrNames>
    </attributeValues>
    <attributeValues IterBinding="LoanDetailsIterator" id="UpdateDate">
      <AttrNames>
        <Item Value="UpdateDate"/>
      </AttrNames>
    </attributeValues>
    <attributeValues IterBinding="LoanDetailsIterator" id="LoanOfficer">
      <AttrNames>
        <Item Value="LoanOfficer"/>
      </AttrNames>
    </attributeValues>
    <attributeValues IterBinding="LoanDetailsIterator" id="LoanSalesRep">
      <AttrNames>
        <Item Value="LoanSalesRep"/>
      </AttrNames>
    </attributeValues>
    <attributeValues IterBinding="LoanDetailsIterator" id="LoanProcessor">
      <AttrNames>
        <Item Value="LoanProcessor"/>
      </AttrNames>
    </attributeValues>
    <attributeValues IterBinding="LoanDetailsIterator" id="LoanStatus1">
      <AttrNames>
        <Item Value="LoanStatus"/>
      </AttrNames>
    </attributeValues>
    <attributeValues IterBinding="LoanDetailsIterator" id="LoanPurpose">
      <AttrNames>
        <Item Value="LoanPurpose"/>
      </AttrNames>
    </attributeValues>
    <attributeValues IterBinding="LoanDetailsIterator" id="Terms">
      <AttrNames>
        <Item Value="Terms"/>
      </AttrNames>
    </attributeValues>
    <attributeValues IterBinding="LoanDetailsIterator" id="PaymentFrequency">
      <AttrNames>
        <Item Value="PaymentFrequency"/>
      </AttrNames>
    </attributeValues>
    <attributeValues IterBinding="ApplicantInformationIterator" id="Salutation">
      <AttrNames>
        <Item Value="Salutation"/>
      </AttrNames>
    </attributeValues>
    <attributeValues IterBinding="ApplicantInformationIterator" id="FName">
      <AttrNames>
        <Item Value="FName"/>
      </AttrNames>
    </attributeValues>
    <attributeValues IterBinding="ApplicantInformationIterator" id="MName">
      <AttrNames>
        <Item Value="MName"/>
      </AttrNames>
    </attributeValues>
    <attributeValues IterBinding="ApplicantInformationIterator" id="LName">
      <AttrNames>
        <Item Value="LName"/>
      </AttrNames>
    </attributeValues>
    <attributeValues IterBinding="ApplicantInformationIterator" id="DateOfBirth">
      <AttrNames>
        <Item Value="DateOfBirth"/>
      </AttrNames>
    </attributeValues>
    <attributeValues IterBinding="ApplicantInformationIterator" id="SSN_Or_TAX">
      <AttrNames>
        <Item Value="SSN_Or_TAX"/>
      </AttrNames>
    </attributeValues>
    <attributeValues IterBinding="ApplicantInformationIterator" id="ApplicantType">
      <AttrNames>
        <Item Value="ApplicantType"/>
      </AttrNames>
    </attributeValues>
    <attributeValues IterBinding="ApplicantInformationIterator" id="Gender">
      <AttrNames>
        <Item Value="Gender"/>
      </AttrNames>
    </attributeValues>
    <attributeValues IterBinding="ApplicantInformationIterator" id="MaritialStatus">
      <AttrNames>
        <Item Value="MaritialStatus"/>
      </AttrNames>
    </attributeValues>
    <attributeValues IterBinding="ApplicantInformationIterator" id="Nationality">
      <AttrNames>
        <Item Value="Nationality"/>
      </AttrNames>
    </attributeValues>
    <attributeValues IterBinding="ApplicantInformationIterator" id="Attribute1">
      <AttrNames>
        <Item Value="Attribute1"/>
      </AttrNames>
    </attributeValues>
    <attributeValues IterBinding="ApplicantInformationIterator" id="Attribute2">
      <AttrNames>
        <Item Value="Attribute2"/>
      </AttrNames>
    </attributeValues>
    <attributeValues IterBinding="AddressIterator" id="Line1">
      <AttrNames>
        <Item Value="Line1"/>
      </AttrNames>
    </attributeValues>
    <attributeValues IterBinding="AddressIterator" id="Line2">
      <AttrNames>
        <Item Value="Line2"/>
      </AttrNames>
    </attributeValues>
    <attributeValues IterBinding="AddressIterator" id="City">
      <AttrNames>
        <Item Value="City"/>
      </AttrNames>
    </attributeValues>
    <attributeValues IterBinding="AddressIterator" id="County">
      <AttrNames>
        <Item Value="County"/>
      </AttrNames>
    </attributeValues>
    <attributeValues IterBinding="AddressIterator" id="State">
      <AttrNames>
        <Item Value="State"/>
      </AttrNames>
    </attributeValues>
    <attributeValues IterBinding="AddressIterator" id="Country">
      <AttrNames>
        <Item Value="Country"/>
      </AttrNames>
    </attributeValues>
    <attributeValues IterBinding="AddressIterator" id="Zip">
      <AttrNames>
        <Item Value="Zip"/>
      </AttrNames>
    </attributeValues>
    <attributeValues IterBinding="AddressIterator" id="LivingSince">
      <AttrNames>
        <Item Value="LivingSince"/>
      </AttrNames>
    </attributeValues>
    <attributeValues IterBinding="ContactIterator" id="Email">
      <AttrNames>
        <Item Value="Email"/>
      </AttrNames>
    </attributeValues>
    <attributeValues IterBinding="ContactIterator" id="HomePhone">
      <AttrNames>
        <Item Value="HomePhone"/>
      </AttrNames>
    </attributeValues>
    <attributeValues IterBinding="ContactIterator" id="WorkPhone">
      <AttrNames>
        <Item Value="WorkPhone"/>
      </AttrNames>
    </attributeValues>
    <attributeValues IterBinding="ContactIterator" id="CellPhone">
      <AttrNames>
        <Item Value="CellPhone"/>
      </AttrNames>
    </attributeValues>
    <attributeValues IterBinding="ContactIterator" id="Fax">
      <AttrNames>
        <Item Value="Fax"/>
      </AttrNames>
    </attributeValues>
    <attributeValues IterBinding="IncomeEmploymentIterator" id="Occupation">
      <AttrNames>
        <Item Value="Occupation"/>
      </AttrNames>
    </attributeValues>
    <attributeValues IterBinding="IncomeEmploymentIterator" id="YGross">
      <AttrNames>
        <Item Value="YGross"/>
      </AttrNames>
    </attributeValues>
    <attributeValues IterBinding="IncomeEmploymentIterator" id="TotalIncome">
      <AttrNames>
        <Item Value="TotalIncome"/>
      </AttrNames>
    </attributeValues>
    <attributeValues IterBinding="IncomeEmploymentIterator" id="EmployeeName">
      <AttrNames>
        <Item Value="EmployeeName"/>
      </AttrNames>
    </attributeValues>
    <attributeValues IterBinding="IncomeEmploymentIterator" id="JobTitle">
      <AttrNames>
        <Item Value="JobTitle"/>
      </AttrNames>
    </attributeValues>
    <attributeValues IterBinding="IncomeEmploymentIterator" id="StartDate">
      <AttrNames>
        <Item Value="StartDate"/>
      </AttrNames>
    </attributeValues>
    <attributeValues IterBinding="IncomeEmploymentIterator" id="EndDate">
      <AttrNames>
        <Item Value="EndDate"/>
      </AttrNames>
    </attributeValues>
    <attributeValues IterBinding="IncomeEmploymentIterator" id="EmployeePhone">
      <AttrNames>
        <Item Value="EmployeePhone"/>
      </AttrNames>
    </attributeValues>
    <attributeValues IterBinding="IncomeEmploymentIterator" id="EmployeeAddress">
      <AttrNames>
        <Item Value="EmployeeAddress"/>
      </AttrNames>
    </attributeValues>
    <tree IterBinding="userCommentIterator" id="userComment">
      <nodeDefinition DefName="TaskForm_LOProcessHumanInitiationTask.commentType">
        <AttrNames>
          <Item Value="comment"/>
          <Item Value="updatedDate"/>
          <Item Value="displayNameLanguage"/>
          <Item Value="action"/>
          <Item Value="systemVersionFlag"/>
          <Item Value="acl"/>
          <Item Value="doesBelongToParent"/>
          <Item Value="isSystemComment"/>
          <Item Value="taskId"/>
          <Item Value="commentScope"/>
          <Item Value="id"/>
          <Item Value="operation"/>
        </AttrNames>
        <Accessors>
          <Item Value="updatedBy"/>
        </Accessors>
      </nodeDefinition>
      <nodeDefinition DefName="TaskForm_LOProcessHumanInitiationTask.identityType">
        <AttrNames>
          <Item Value="id"/>
          <Item Value="displayName"/>
          <Item Value="type"/>
          <Item Value="systemVersionFlag"/>
        </AttrNames>
      </nodeDefinition>
    </tree>
    <action IterBinding="userCommentIterator" id="CreateInsert" RequiresUpdateModel="true" Action="createInsertRow"/>
    <action IterBinding="userCommentIterator" id="Delete" RequiresUpdateModel="false" Action="removeCurrentRow"/>
    <attributeValues IterBinding="userCommentIterator" id="comment">
      <AttrNames>
        <Item Value="comment"/>
      </AttrNames>
    </attributeValues>
    <attributeValues IterBinding="userCommentIterator" id="commentScope">
      <AttrNames>
        <Item Value="commentScope"/>
      </AttrNames>
    </attributeValues>
    <tree IterBinding="updatedByIterator" id="updatedBy">
      <nodeDefinition DefName="TaskForm_LOProcessHumanInitiationTask.identityType">
        <AttrNames>
          <Item Value="id"/>
          <Item Value="displayName"/>
          <Item Value="type"/>
          <Item Value="systemVersionFlag"/>
        </AttrNames>
      </nodeDefinition>
    </tree>
    <tree IterBinding="attachmentIterator" id="attachment">
      <nodeDefinition DefName="TaskForm_LOProcessHumanInitiationTask.attachmentType">
        <AttrNames>
          <Item Value="content"/>
          <Item Value="mimeType"/>
          <Item Value="name"/>
          <Item Value="updatedBy"/>
          <Item Value="URI"/>
          <Item Value="systemVersionFlag"/>
          <Item Value="taskId"/>
          <Item Value="version"/>
          <Item Value="acl"/>
          <Item Value="doesBelongToParent"/>
          <Item Value="updatedDate"/>
          <Item Value="correlationId"/>
          <Item Value="size"/>
          <Item Value="description"/>
          <Item Value="storageType"/>
          <Item Value="ucmDocType"/>
          <Item Value="securityGroup"/>
          <Item Value="account"/>
          <Item Value="revision"/>
          <Item Value="releaseDate"/>
          <Item Value="expirationDate"/>
          <Item Value="title"/>
          <Item Value="attachmentScope"/>
          <Item Value="isContentEncoded"/>
          <Item Value="updatedByDisplayName"/>
          <Item Value="id"/>
          <Item Value="operation"/>
        </AttrNames>
      </nodeDefinition>
      <nodeDefinition DefName="TaskForm_LOProcessHumanInitiationTask.ucmMetadataItemType">
        <AttrNames>
          <Item Value="name"/>
          <Item Value="value"/>
          <Item Value="type"/>
        </AttrNames>
      </nodeDefinition>
    </tree>
    <action IterBinding="attachmentIterator" id="CreateInsert1" RequiresUpdateModel="true" Action="createInsertRow"/>
    <action IterBinding="attachmentIterator" id="Delete1" RequiresUpdateModel="false" Action="removeCurrentRow"/>
    <attributeValues IterBinding="attachmentIterator" id="content">
      <AttrNames>
        <Item Value="content"/>
      </AttrNames>
    </attributeValues>
    <attributeValues IterBinding="attachmentIterator" id="mimeType">
      <AttrNames>
        <Item Value="mimeType"/>
      </AttrNames>
    </attributeValues>
    <attributeValues IterBinding="attachmentIterator" id="name">
      <AttrNames>
        <Item Value="name"/>
      </AttrNames>
    </attributeValues>
    <attributeValues IterBinding="attachmentIterator" id="updatedBy1">
      <AttrNames>
        <Item Value="updatedBy"/>
      </AttrNames>
    </attributeValues>
    <attributeValues IterBinding="attachmentIterator" id="URI">
      <AttrNames>
        <Item Value="URI"/>
      </AttrNames>
    </attributeValues>
    <attributeValues IterBinding="attachmentIterator" id="updatedDate1">
      <AttrNames>
        <Item Value="updatedDate"/>
      </AttrNames>
    </attributeValues>
    <attributeValues IterBinding="attachmentIterator" id="description">
      <AttrNames>
        <Item Value="description"/>
      </AttrNames>
    </attributeValues>
    <attributeValues IterBinding="attachmentIterator" id="ucmDocType">
      <AttrNames>
        <Item Value="ucmDocType"/>
      </AttrNames>
    </attributeValues>
    <attributeValues IterBinding="attachmentIterator" id="securityGroup">
      <AttrNames>
        <Item Value="securityGroup"/>
      </AttrNames>
    </attributeValues>
    <attributeValues IterBinding="attachmentIterator" id="account">
      <AttrNames>
        <Item Value="account"/>
      </AttrNames>
    </attributeValues>
    <attributeValues IterBinding="attachmentIterator" id="revision">
      <AttrNames>
        <Item Value="revision"/>
      </AttrNames>
    </attributeValues>
    <attributeValues IterBinding="attachmentIterator" id="releaseDate">
      <AttrNames>
        <Item Value="releaseDate"/>
      </AttrNames>
    </attributeValues>
    <attributeValues IterBinding="attachmentIterator" id="expirationDate1">
      <AttrNames>
        <Item Value="expirationDate"/>
      </AttrNames>
    </attributeValues>
    <attributeValues IterBinding="attachmentIterator" id="attachmentScope">
      <AttrNames>
        <Item Value="attachmentScope"/>
      </AttrNames>
    </attributeValues>
    <action IterBinding="ucmMetadataItemIterator" id="CreateInsert2" RequiresUpdateModel="true"
            Action="createInsertRow"/>
    <action IterBinding="ucmMetadataItemIterator" id="Delete2" RequiresUpdateModel="false" Action="removeCurrentRow"/>
    <tree IterBinding="ucmMetadataItemIterator" id="ucmMetadataItem">
      <nodeDefinition DefName="TaskForm_LOProcessHumanInitiationTask.ucmMetadataItemType">
        <AttrNames>
          <Item Value="name"/>
          <Item Value="value"/>
          <Item Value="type"/>
        </AttrNames>
      </nodeDefinition>
    </tree>
    <attributeValues IterBinding="systemAttributesIterator" id="numberOfTimesModified">
      <AttrNames>
        <Item Value="numberOfTimesModified"/>
      </AttrNames>
    </attributeValues>
    <attributeValues IterBinding="systemAttributesIterator" id="version">
      <AttrNames>
        <Item Value="version"/>
      </AttrNames>
    </attributeValues>
    <tree IterBinding="userCommentIterator" id="userComment1">
      <nodeDefinition DefName="TaskForm_LOProcessHumanInitiationTask.commentType">
        <AttrNames>
          <Item Value="comment"/>
          <Item Value="updatedDate"/>
          <Item Value="displayNameLanguage"/>
          <Item Value="action"/>
          <Item Value="systemVersionFlag"/>
          <Item Value="acl"/>
          <Item Value="doesBelongToParent"/>
          <Item Value="isSystemComment"/>
          <Item Value="taskId"/>
          <Item Value="commentScope"/>
          <Item Value="id"/>
          <Item Value="operation"/>
        </AttrNames>
        <Accessors>
          <Item Value="updatedBy"/>
        </Accessors>
      </nodeDefinition>
      <nodeDefinition DefName="TaskForm_LOProcessHumanInitiationTask.identityType">
        <AttrNames>
          <Item Value="id"/>
          <Item Value="displayName"/>
          <Item Value="type"/>
          <Item Value="systemVersionFlag"/>
        </AttrNames>
      </nodeDefinition>
    </tree>
    <tree IterBinding="updatedByIterator" id="updatedBy2">
      <nodeDefinition DefName="TaskForm_LOProcessHumanInitiationTask.identityType">
        <AttrNames>
          <Item Value="id"/>
          <Item Value="displayName"/>
          <Item Value="type"/>
          <Item Value="systemVersionFlag"/>
        </AttrNames>
      </nodeDefinition>
    </tree>
    <tree IterBinding="attachmentIterator" id="attachment1">
      <nodeDefinition DefName="TaskForm_LOProcessHumanInitiationTask.attachmentType">
        <AttrNames>
          <Item Value="content"/>
          <Item Value="mimeType"/>
          <Item Value="name"/>
          <Item Value="updatedBy"/>
          <Item Value="URI"/>
          <Item Value="systemVersionFlag"/>
          <Item Value="taskId"/>
          <Item Value="version"/>
          <Item Value="acl"/>
          <Item Value="doesBelongToParent"/>
          <Item Value="updatedDate"/>
          <Item Value="correlationId"/>
          <Item Value="size"/>
          <Item Value="description"/>
          <Item Value="storageType"/>
          <Item Value="ucmDocType"/>
          <Item Value="securityGroup"/>
          <Item Value="account"/>
          <Item Value="revision"/>
          <Item Value="releaseDate"/>
          <Item Value="expirationDate"/>
          <Item Value="title"/>
          <Item Value="attachmentScope"/>
          <Item Value="isContentEncoded"/>
          <Item Value="updatedByDisplayName"/>
          <Item Value="id"/>
          <Item Value="operation"/>
        </AttrNames>
      </nodeDefinition>
      <nodeDefinition DefName="TaskForm_LOProcessHumanInitiationTask.ucmMetadataItemType">
        <AttrNames>
          <Item Value="name"/>
          <Item Value="value"/>
          <Item Value="type"/>
        </AttrNames>
      </nodeDefinition>
    </tree>
    <tree IterBinding="ucmMetadataItemIterator" id="ucmMetadataItem1">
      <nodeDefinition DefName="TaskForm_LOProcessHumanInitiationTask.ucmMetadataItemType">
        <AttrNames>
          <Item Value="name"/>
          <Item Value="value"/>
          <Item Value="type"/>
        </AttrNames>
      </nodeDefinition>
    </tree>
  </bindings>
</pageDefinition>
