<?xml version="1.0" encoding="UTF-8" standalone="yes"?>
<?oracleBPM version="12.1.3.0.0.00.00" fileRevision="20120601"?>
<processDocumentation xmlns="http://xmlns.oracle.com/bpm/taskMetadataService/processDocumentation">
   <component name="ExplicitTermination">
      <topicDocumentations>
         <topicDocumentation name="ExplicitTermination">
            <descriptions>
               <description locale="en">Explicit Termination</description>
            </descriptions>
         </topicDocumentation>
         <topicDocumentation name="EVT10549398125782">
            <labels>
               <label locale="en">Start</label>
            </labels>
            <descriptions>
               <description locale="en"></description>
            </descriptions>
         </topicDocumentation>
         <topicDocumentation name="EVT10549398125835">
            <labels>
               <label locale="en">ImplicitTerminate</label>
            </labels>
            <descriptions>
               <description locale="en"></description>
            </descriptions>
         </topicDocumentation>
         <topicDocumentation name="ACT1054942066763">
            <labels>
               <label locale="en">EnterQuote</label>
            </labels>
            <descriptions>
               <description locale="en"></description>
            </descriptions>
         </topicDocumentation>
         <topicDocumentation name="ACT10549428568612">
            <labels>
               <label locale="en">AcceptQuote</label>
            </labels>
            <descriptions>
               <description locale="en"></description>
            </descriptions>
         </topicDocumentation>
         <topicDocumentation name="ACT10549437010630">
            <labels>
               <label locale="en">SalesManagerApproval</label>
            </labels>
            <descriptions>
               <description locale="en"></description>
            </descriptions>
         </topicDocumentation>
         <topicDocumentation name="GTW1054944177683">
            <labels>
               <label locale="en">CheckOutcome</label>
            </labels>
            <descriptions>
               <description locale="en"></description>
            </descriptions>
         </topicDocumentation>
         <topicDocumentation name="EVT10549452130294">
            <labels>
               <label locale="en">ExplicitTerminate</label>
            </labels>
            <descriptions>
               <description locale="en"></description>
            </descriptions>
         </topicDocumentation>
         <topicDocumentation name="sf10549398125887"/>
         <topicDocumentation name="sf10549421944261"/>
         <topicDocumentation name="sf10549435155998"/>
         <topicDocumentation name="sf10549441112568"/>
         <topicDocumentation name="sf1054944204892"/>
         <topicDocumentation name="sf10549454220411">
            <labels>
               <label locale="en">Reject</label>
            </labels>
            <descriptions>
               <description locale="en"></description>
            </descriptions>
         </topicDocumentation>
      </topicDocumentations>
   </component>
</processDocumentation>