<?xml version="1.0" encoding="UTF-8" ?>
<!-- Generated by Oracle SOA Modeler version 12.1.3.0.0 at [7/30/14 9:42 AM]. -->
<composite name="SalesQuoteProject"
           revision="1.0"
           label="2014-07-30_09-42-16_018"
           mode="active"
           state="on"
           xmlns="http://xmlns.oracle.com/sca/1.0"
           xmlns:xs="http://www.w3.org/2001/XMLSchema"
           xmlns:wsp="http://schemas.xmlsoap.org/ws/2004/09/policy"
           xmlns:orawsp="http://schemas.oracle.com/ws/2006/01/policy"
           xmlns:ui="http://xmlns.oracle.com/soa/designer/"
           xmlns:sca-ext="http://xmlns.oracle.com/sca/1.0-ext">
  <import namespace="http://xmlns.oracle.com/bpmn/bpmnProcess/SalesQuoteProcess" location="WSDLs/SalesQuoteProcess.wsdl"
          importType="wsdl"/>
  <import namespace="http://xmlns.oracle.com/bpel/workflow/taskService"
          location="oramds:/soa/shared/workflow/TaskServiceInterface.wsdl" importType="wsdl"/>
  <import namespace="http://xmlns.oracle.com/bpmn/bpmnProcess/ExclusiveChoiceSimpleMerge"
          location="WSDLs/ExclusiveChoiceSimpleMerge.wsdl" importType="wsdl"/>
  <import namespace="" location="project_properties.wsdl" importType="wsdl"/>
  <import namespace="http://xmlns.oracle.com/bpmn/bpmnProcess/SalesQuoteSimpleMerge"
          location="WSDLs/SalesQuoteSimpleMerge.wsdl" importType="wsdl"/>
  <import namespace="http://xmlns.oracle.com/bpmn/bpmnProcess/ParallelSplitSynchronization"
          location="WSDLs/ParallelSplitSynchronization.wsdl" importType="wsdl"/>
  <import namespace="http://xmlns.oracle.com/bpmn/bpmnProcess/ConditionalParallelSplitMerge"
          location="WSDLs/ConditionalParallelSplitMerge.wsdl" importType="wsdl"/>
  <import namespace="http://xmlns.oracle.com/bpmn/bpmnProcess/MultiMerge" location="WSDLs/MultiMerge.wsdl"
          importType="wsdl"/>
  <import namespace="http://xmlns.oracle.com/bpmn/bpmnProcess/PartialJoin" location="WSDLs/PartialJoin.wsdl"
          importType="wsdl"/>
  <service name="SalesQuoteProcess.service" ui:wsdlLocation="WSDLs/SalesQuoteProcess.wsdl">
    <interface.wsdl interface="http://xmlns.oracle.com/bpmn/bpmnProcess/SalesQuoteProcess#wsdl.interface(SalesQuoteProcessPortType)"
                    callbackInterface="http://xmlns.oracle.com/bpmn/bpmnProcess/SalesQuoteProcess#wsdl.interface(SalesQuoteProcessPortTypeCallBack)"/>
    <binding.ws port="http://xmlns.oracle.com/bpmn/bpmnProcess/SalesQuoteProcess#wsdl.endpoint(SalesQuoteProcess.service/SalesQuoteProcessPort)"/>
    <callback>
      <binding.ws port="http://xmlns.oracle.com/bpmn/bpmnProcess/SalesQuoteProcess#wsdl.endpoint(SalesQuoteProcess.service/SalesQuoteProcessPortTypeCallBack_pt)"/>
    </callback>
  </service>
  <service name="ExclusiveChoiceSimpleMerge.service" ui:wsdlLocation="WSDLs/ExclusiveChoiceSimpleMerge.wsdl">
    <interface.wsdl interface="http://xmlns.oracle.com/bpmn/bpmnProcess/ExclusiveChoiceSimpleMerge#wsdl.interface(ExclusiveChoiceSimpleMergePortType)"
                    callbackInterface="http://xmlns.oracle.com/bpmn/bpmnProcess/ExclusiveChoiceSimpleMerge#wsdl.interface(ExclusiveChoiceSimpleMergePortTypeCallBack)"/>
    <binding.ws port="http://xmlns.oracle.com/bpmn/bpmnProcess/ExclusiveChoiceSimpleMerge#wsdl.endpoint(ExclusiveChoiceSimpleMerge.service/ExclusiveChoiceSimpleMergePort)"/>
    <callback>
      <binding.ws port="http://xmlns.oracle.com/bpmn/bpmnProcess/ExclusiveChoiceSimpleMerge#wsdl.endpoint(ExclusiveChoiceSimpleMerge.service/ExclusiveChoiceSimpleMergePortTypeCallBack_pt)"/>
    </callback>
  </service>
  <service name="SalesQuoteSimpleMerge.service" ui:wsdlLocation="WSDLs/SalesQuoteSimpleMerge.wsdl">
    <interface.wsdl interface="http://xmlns.oracle.com/bpmn/bpmnProcess/SalesQuoteSimpleMerge#wsdl.interface(SalesQuoteSimpleMergePortType)"
                    callbackInterface="http://xmlns.oracle.com/bpmn/bpmnProcess/SalesQuoteSimpleMerge#wsdl.interface(SalesQuoteSimpleMergePortTypeCallBack)"/>
    <binding.ws port="http://xmlns.oracle.com/bpmn/bpmnProcess/SalesQuoteSimpleMerge#wsdl.endpoint(SalesQuoteSimpleMerge.service/SalesQuoteSimpleMergePort)"/>
    <callback>
      <binding.ws port="http://xmlns.oracle.com/bpmn/bpmnProcess/SalesQuoteSimpleMerge#wsdl.endpoint(SalesQuoteSimpleMerge.service/SalesQuoteSimpleMergePortTypeCallBack_pt)"/>
    </callback>
  </service>
  <service name="ParallelSplitSynchronization.service" ui:wsdlLocation="WSDLs/ParallelSplitSynchronization.wsdl">
    <interface.wsdl interface="http://xmlns.oracle.com/bpmn/bpmnProcess/ParallelSplitSynchronization#wsdl.interface(ParallelSplitSynchronizationPortType)"
                    callbackInterface="http://xmlns.oracle.com/bpmn/bpmnProcess/ParallelSplitSynchronization#wsdl.interface(ParallelSplitSynchronizationPortTypeCallBack)"/>
    <binding.ws port="http://xmlns.oracle.com/bpmn/bpmnProcess/ParallelSplitSynchronization#wsdl.endpoint(ParallelSplitSynchronization.service/ParallelSplitSynchronizationPort)"/>
    <callback>
      <binding.ws port="http://xmlns.oracle.com/bpmn/bpmnProcess/ParallelSplitSynchronization#wsdl.endpoint(ParallelSplitSynchronization.service/ParallelSplitSynchronizationPortTypeCallBack_pt)"/>
    </callback>
  </service>
  <service name="ConditionalParallelSplitMerge.service" ui:wsdlLocation="WSDLs/ConditionalParallelSplitMerge.wsdl">
    <interface.wsdl interface="http://xmlns.oracle.com/bpmn/bpmnProcess/ConditionalParallelSplitMerge#wsdl.interface(ConditionalParallelSplitMergePortType)"
                    callbackInterface="http://xmlns.oracle.com/bpmn/bpmnProcess/ConditionalParallelSplitMerge#wsdl.interface(ConditionalParallelSplitMergePortTypeCallBack)"/>
    <binding.ws port="http://xmlns.oracle.com/bpmn/bpmnProcess/ConditionalParallelSplitMerge#wsdl.endpoint(ConditionalParallelSplitMerge.service/ConditionalParallelSplitMergePort)"/>
    <callback>
      <binding.ws port="http://xmlns.oracle.com/bpmn/bpmnProcess/ConditionalParallelSplitMerge#wsdl.endpoint(ConditionalParallelSplitMerge.service/ConditionalParallelSplitMergePortTypeCallBack_pt)"/>
    </callback>
  </service>
  <service name="MultiMerge.service" ui:wsdlLocation="WSDLs/MultiMerge.wsdl">
    <interface.wsdl interface="http://xmlns.oracle.com/bpmn/bpmnProcess/MultiMerge#wsdl.interface(MultiMergePortType)"
                    callbackInterface="http://xmlns.oracle.com/bpmn/bpmnProcess/MultiMerge#wsdl.interface(MultiMergePortTypeCallBack)"/>
    <binding.ws port="http://xmlns.oracle.com/bpmn/bpmnProcess/MultiMerge#wsdl.endpoint(MultiMerge.service/MultiMergePort)"/>
    <callback>
      <binding.ws port="http://xmlns.oracle.com/bpmn/bpmnProcess/MultiMerge#wsdl.endpoint(MultiMerge.service/MultiMergePortTypeCallBack_pt)"/>
    </callback>
  </service>
  <service name="PartialJoin.service" ui:wsdlLocation="WSDLs/PartialJoin.wsdl">
    <interface.wsdl interface="http://xmlns.oracle.com/bpmn/bpmnProcess/PartialJoin#wsdl.interface(PartialJoinPortType)"
                    callbackInterface="http://xmlns.oracle.com/bpmn/bpmnProcess/PartialJoin#wsdl.interface(PartialJoinPortTypeCallBack)"/>
    <binding.ws port="http://xmlns.oracle.com/bpmn/bpmnProcess/PartialJoin#wsdl.endpoint(PartialJoin.service/PartialJoinPort)"/>
    <callback>
      <binding.ws port="http://xmlns.oracle.com/bpmn/bpmnProcess/PartialJoin#wsdl.endpoint(PartialJoin.service/PartialJoinPortTypeCallBack_pt)"/>
    </callback>
  </service>
  <property name="productVersion" type="xs:string" many="false">12.1.3.0.0</property>
  <property name="compositeID" type="xs:string" many="false">da518326-f911-41bb-877d-d982d03367b4</property>
  <component name="SalesQuoteProcess">
    <implementation.bpmn src="processes/SalesQuoteProcess.bpmn"/>
    <componentType>
      <service name="SalesQuoteProcess.service" ui:wsdlLocation="WSDLs/SalesQuoteProcess.wsdl">
        <interface.wsdl interface="http://xmlns.oracle.com/bpmn/bpmnProcess/SalesQuoteProcess#wsdl.interface(SalesQuoteProcessPortType)"
                        callbackInterface="http://xmlns.oracle.com/bpmn/bpmnProcess/SalesQuoteProcess#wsdl.interface(SalesQuoteProcessPortTypeCallBack)"/>
        <property name="bpm.generated.service.reference" type="xs:string" many="false">SalesQuoteProcess.service</property>
      </service>
      <reference name="HumanTasks.AcceptQuote.reference"
                 ui:wsdlLocation="oramds:/soa/shared/workflow/TaskServiceInterface.wsdl">
        <interface.wsdl interface="http://xmlns.oracle.com/bpel/workflow/taskService#wsdl.interface(TaskService)"
                        callbackInterface="http://xmlns.oracle.com/bpel/workflow/taskService#wsdl.interface(TaskServiceCallback)"/>
      </reference>
      <reference name="HumanTasks.BusinessReview.reference"
                 ui:wsdlLocation="oramds:/soa/shared/workflow/TaskServiceInterface.wsdl">
        <interface.wsdl interface="http://xmlns.oracle.com/bpel/workflow/taskService#wsdl.interface(TaskService)"
                        callbackInterface="http://xmlns.oracle.com/bpel/workflow/taskService#wsdl.interface(TaskServiceCallback)"/>
      </reference>
      <reference name="HumanTasks.ApproveDeals.reference"
                 ui:wsdlLocation="oramds:/soa/shared/workflow/TaskServiceInterface.wsdl">
        <interface.wsdl interface="http://xmlns.oracle.com/bpel/workflow/taskService#wsdl.interface(TaskService)"
                        callbackInterface="http://xmlns.oracle.com/bpel/workflow/taskService#wsdl.interface(TaskServiceCallback)"/>
      </reference>
      <reference name="HumanTasks.ApproveTerms.reference"
                 ui:wsdlLocation="oramds:/soa/shared/workflow/TaskServiceInterface.wsdl">
        <interface.wsdl interface="http://xmlns.oracle.com/bpel/workflow/taskService#wsdl.interface(TaskService)"
                        callbackInterface="http://xmlns.oracle.com/bpel/workflow/taskService#wsdl.interface(TaskServiceCallback)"/>
      </reference>
    </componentType>
  </component>
  <component name="AcceptQuote">
    <implementation.workflow src="HumanTasks/AcceptQuote.task"/>
    <componentType>
      <service name="TaskService" ui:wsdlLocation="oramds:/soa/shared/workflow/TaskServiceInterface.wsdl">
        <interface.wsdl interface="http://xmlns.oracle.com/bpel/workflow/taskService#wsdl.interface(TaskService)"
                        callbackInterface="http://xmlns.oracle.com/bpel/workflow/taskService#wsdl.interface(TaskServiceCallback)"/>
      </service>
    </componentType>
  </component>
  <component name="BusinessReview">
    <implementation.workflow src="HumanTasks/BusinessReview.task"/>
    <componentType>
      <service name="TaskService" ui:wsdlLocation="oramds:/soa/shared/workflow/TaskServiceInterface.wsdl">
        <interface.wsdl interface="http://xmlns.oracle.com/bpel/workflow/taskService#wsdl.interface(TaskService)"
                        callbackInterface="http://xmlns.oracle.com/bpel/workflow/taskService#wsdl.interface(TaskServiceCallback)"/>
      </service>
    </componentType>
  </component>
  <component name="ApproveDeals">
    <implementation.workflow src="HumanTasks/ApproveDeals.task"/>
    <componentType>
      <service name="TaskService" ui:wsdlLocation="oramds:/soa/shared/workflow/TaskServiceInterface.wsdl">
        <interface.wsdl interface="http://xmlns.oracle.com/bpel/workflow/taskService#wsdl.interface(TaskService)"
                        callbackInterface="http://xmlns.oracle.com/bpel/workflow/taskService#wsdl.interface(TaskServiceCallback)"/>
      </service>
    </componentType>
  </component>
  <component name="ApproveTerms">
    <implementation.workflow src="HumanTasks/ApproveTerms.task"/>
    <componentType>
      <service name="TaskService" ui:wsdlLocation="oramds:/soa/shared/workflow/TaskServiceInterface.wsdl">
        <interface.wsdl interface="http://xmlns.oracle.com/bpel/workflow/taskService#wsdl.interface(TaskService)"
                        callbackInterface="http://xmlns.oracle.com/bpel/workflow/taskService#wsdl.interface(TaskServiceCallback)"/>
      </service>
    </componentType>
  </component>
  <component name="ExclusiveChoiceSimpleMerge">
    <implementation.bpmn src="processes/ExclusiveChoiceSimpleMerge.bpmn"/>
    <componentType>
      <service name="ExclusiveChoiceSimpleMerge.service" ui:wsdlLocation="WSDLs/ExclusiveChoiceSimpleMerge.wsdl">
        <interface.wsdl interface="http://xmlns.oracle.com/bpmn/bpmnProcess/ExclusiveChoiceSimpleMerge#wsdl.interface(ExclusiveChoiceSimpleMergePortType)"
                        callbackInterface="http://xmlns.oracle.com/bpmn/bpmnProcess/ExclusiveChoiceSimpleMerge#wsdl.interface(ExclusiveChoiceSimpleMergePortTypeCallBack)"/>
        <property name="bpm.generated.service.reference" type="xs:string" many="false">ExclusiveChoiceSimpleMerge.service</property>
      </service>
      <reference name="HumanTasks.SalesRepApprovalTask.reference"
                 ui:wsdlLocation="oramds:/soa/shared/workflow/TaskServiceInterface.wsdl">
        <interface.wsdl interface="http://xmlns.oracle.com/bpel/workflow/taskService#wsdl.interface(TaskService)"
                        callbackInterface="http://xmlns.oracle.com/bpel/workflow/taskService#wsdl.interface(TaskServiceCallback)"/>
      </reference>
    </componentType>
  </component>
  <component name="SalesRepApprovalTask">
    <implementation.workflow src="HumanTasks/SalesRepApprovalTask.task"/>
    <componentType>
      <service name="TaskService" ui:wsdlLocation="oramds:/soa/shared/workflow/TaskServiceInterface.wsdl">
        <interface.wsdl interface="http://xmlns.oracle.com/bpel/workflow/taskService#wsdl.interface(TaskService)"
                        callbackInterface="http://xmlns.oracle.com/bpel/workflow/taskService#wsdl.interface(TaskServiceCallback)"/>
      </service>
    </componentType>
  </component>
  <component name="SalesQuoteSimpleMerge">
    <implementation.bpmn src="processes/SalesQuoteSimpleMerge.bpmn"/>
    <componentType>
      <service name="SalesQuoteSimpleMerge.service" ui:wsdlLocation="WSDLs/SalesQuoteSimpleMerge.wsdl">
        <interface.wsdl interface="http://xmlns.oracle.com/bpmn/bpmnProcess/SalesQuoteSimpleMerge#wsdl.interface(SalesQuoteSimpleMergePortType)"
                        callbackInterface="http://xmlns.oracle.com/bpmn/bpmnProcess/SalesQuoteSimpleMerge#wsdl.interface(SalesQuoteSimpleMergePortTypeCallBack)"/>
        <property name="bpm.generated.service.reference" type="xs:string" many="false">SalesQuoteSimpleMerge.service</property>
      </service>
      <reference name="HumanTasks.SalesRepApprovalTask.reference"
                 ui:wsdlLocation="oramds:/soa/shared/workflow/TaskServiceInterface.wsdl">
        <interface.wsdl interface="http://xmlns.oracle.com/bpel/workflow/taskService#wsdl.interface(TaskService)"
                        callbackInterface="http://xmlns.oracle.com/bpel/workflow/taskService#wsdl.interface(TaskServiceCallback)"/>
      </reference>
      <reference name="HumanTasks.ApproveDeals.reference"
                 ui:wsdlLocation="oramds:/soa/shared/workflow/TaskServiceInterface.wsdl">
        <interface.wsdl interface="http://xmlns.oracle.com/bpel/workflow/taskService#wsdl.interface(TaskService)"
                        callbackInterface="http://xmlns.oracle.com/bpel/workflow/taskService#wsdl.interface(TaskServiceCallback)"/>
      </reference>
      <reference name="HumanTasks.ApproveTerms.reference"
                 ui:wsdlLocation="oramds:/soa/shared/workflow/TaskServiceInterface.wsdl">
        <interface.wsdl interface="http://xmlns.oracle.com/bpel/workflow/taskService#wsdl.interface(TaskService)"
                        callbackInterface="http://xmlns.oracle.com/bpel/workflow/taskService#wsdl.interface(TaskServiceCallback)"/>
      </reference>
    </componentType>
  </component>
  <component name="ParallelSplitSynchronization">
    <implementation.bpmn src="processes/ParallelSplitSynchronization.bpmn"/>
    <componentType>
      <service name="ParallelSplitSynchronization.service" ui:wsdlLocation="WSDLs/ParallelSplitSynchronization.wsdl">
        <interface.wsdl interface="http://xmlns.oracle.com/bpmn/bpmnProcess/ParallelSplitSynchronization#wsdl.interface(ParallelSplitSynchronizationPortType)"
                        callbackInterface="http://xmlns.oracle.com/bpmn/bpmnProcess/ParallelSplitSynchronization#wsdl.interface(ParallelSplitSynchronizationPortTypeCallBack)"/>
        <property name="bpm.generated.service.reference" type="xs:string" many="false">ParallelSplitSynchronization.service</property>
      </service>
      <reference name="HumanTasks.AcceptQuote.reference"
                 ui:wsdlLocation="oramds:/soa/shared/workflow/TaskServiceInterface.wsdl">
        <interface.wsdl interface="http://xmlns.oracle.com/bpel/workflow/taskService#wsdl.interface(TaskService)"
                        callbackInterface="http://xmlns.oracle.com/bpel/workflow/taskService#wsdl.interface(TaskServiceCallback)"/>
      </reference>
      <reference name="HumanTasks.BusinessReview.reference"
                 ui:wsdlLocation="oramds:/soa/shared/workflow/TaskServiceInterface.wsdl">
        <interface.wsdl interface="http://xmlns.oracle.com/bpel/workflow/taskService#wsdl.interface(TaskService)"
                        callbackInterface="http://xmlns.oracle.com/bpel/workflow/taskService#wsdl.interface(TaskServiceCallback)"/>
      </reference>
      <reference name="HumanTasks.ApproveDeals.reference"
                 ui:wsdlLocation="oramds:/soa/shared/workflow/TaskServiceInterface.wsdl">
        <interface.wsdl interface="http://xmlns.oracle.com/bpel/workflow/taskService#wsdl.interface(TaskService)"
                        callbackInterface="http://xmlns.oracle.com/bpel/workflow/taskService#wsdl.interface(TaskServiceCallback)"/>
      </reference>
      <reference name="HumanTasks.ApproveTerms.reference"
                 ui:wsdlLocation="oramds:/soa/shared/workflow/TaskServiceInterface.wsdl">
        <interface.wsdl interface="http://xmlns.oracle.com/bpel/workflow/taskService#wsdl.interface(TaskService)"
                        callbackInterface="http://xmlns.oracle.com/bpel/workflow/taskService#wsdl.interface(TaskServiceCallback)"/>
      </reference>
    </componentType>
  </component>
  <component name="ConditionalParallelSplitMerge">
    <implementation.bpmn src="processes/ConditionalParallelSplitMerge.bpmn"/>
    <componentType>
      <service name="ConditionalParallelSplitMerge.service" ui:wsdlLocation="WSDLs/ConditionalParallelSplitMerge.wsdl">
        <interface.wsdl interface="http://xmlns.oracle.com/bpmn/bpmnProcess/ConditionalParallelSplitMerge#wsdl.interface(ConditionalParallelSplitMergePortType)"
                        callbackInterface="http://xmlns.oracle.com/bpmn/bpmnProcess/ConditionalParallelSplitMerge#wsdl.interface(ConditionalParallelSplitMergePortTypeCallBack)"/>
        <property name="bpm.generated.service.reference" type="xs:string" many="false">ConditionalParallelSplitMerge.service</property>
      </service>
      <reference name="HumanTasks.AcceptQuote.reference"
                 ui:wsdlLocation="oramds:/soa/shared/workflow/TaskServiceInterface.wsdl">
        <interface.wsdl interface="http://xmlns.oracle.com/bpel/workflow/taskService#wsdl.interface(TaskService)"
                        callbackInterface="http://xmlns.oracle.com/bpel/workflow/taskService#wsdl.interface(TaskServiceCallback)"/>
      </reference>
      <reference name="HumanTasks.BusinessReview.reference"
                 ui:wsdlLocation="oramds:/soa/shared/workflow/TaskServiceInterface.wsdl">
        <interface.wsdl interface="http://xmlns.oracle.com/bpel/workflow/taskService#wsdl.interface(TaskService)"
                        callbackInterface="http://xmlns.oracle.com/bpel/workflow/taskService#wsdl.interface(TaskServiceCallback)"/>
      </reference>
      <reference name="HumanTasks.ApproveDeals.reference"
                 ui:wsdlLocation="oramds:/soa/shared/workflow/TaskServiceInterface.wsdl">
        <interface.wsdl interface="http://xmlns.oracle.com/bpel/workflow/taskService#wsdl.interface(TaskService)"
                        callbackInterface="http://xmlns.oracle.com/bpel/workflow/taskService#wsdl.interface(TaskServiceCallback)"/>
      </reference>
      <reference name="HumanTasks.ApproveTerms.reference"
                 ui:wsdlLocation="oramds:/soa/shared/workflow/TaskServiceInterface.wsdl">
        <interface.wsdl interface="http://xmlns.oracle.com/bpel/workflow/taskService#wsdl.interface(TaskService)"
                        callbackInterface="http://xmlns.oracle.com/bpel/workflow/taskService#wsdl.interface(TaskServiceCallback)"/>
      </reference>
    </componentType>
  </component>
  <component name="MultiMerge">
    <implementation.bpmn src="processes/MultiMerge.bpmn"/>
    <componentType>
      <service name="MultiMerge.service" ui:wsdlLocation="WSDLs/MultiMerge.wsdl">
        <interface.wsdl interface="http://xmlns.oracle.com/bpmn/bpmnProcess/MultiMerge#wsdl.interface(MultiMergePortType)"
                        callbackInterface="http://xmlns.oracle.com/bpmn/bpmnProcess/MultiMerge#wsdl.interface(MultiMergePortTypeCallBack)"/>
        <property name="bpm.generated.service.reference" type="xs:string" many="false">MultiMerge.service</property>
      </service>
      <reference name="HumanTasks.AcceptQuote.reference"
                 ui:wsdlLocation="oramds:/soa/shared/workflow/TaskServiceInterface.wsdl">
        <interface.wsdl interface="http://xmlns.oracle.com/bpel/workflow/taskService#wsdl.interface(TaskService)"
                        callbackInterface="http://xmlns.oracle.com/bpel/workflow/taskService#wsdl.interface(TaskServiceCallback)"/>
      </reference>
      <reference name="HumanTasks.BusinessReview.reference"
                 ui:wsdlLocation="oramds:/soa/shared/workflow/TaskServiceInterface.wsdl">
        <interface.wsdl interface="http://xmlns.oracle.com/bpel/workflow/taskService#wsdl.interface(TaskService)"
                        callbackInterface="http://xmlns.oracle.com/bpel/workflow/taskService#wsdl.interface(TaskServiceCallback)"/>
      </reference>
      <reference name="HumanTasks.ApproveDeals.reference"
                 ui:wsdlLocation="oramds:/soa/shared/workflow/TaskServiceInterface.wsdl">
        <interface.wsdl interface="http://xmlns.oracle.com/bpel/workflow/taskService#wsdl.interface(TaskService)"
                        callbackInterface="http://xmlns.oracle.com/bpel/workflow/taskService#wsdl.interface(TaskServiceCallback)"/>
      </reference>
      <reference name="HumanTasks.ApproveTerms.reference"
                 ui:wsdlLocation="oramds:/soa/shared/workflow/TaskServiceInterface.wsdl">
        <interface.wsdl interface="http://xmlns.oracle.com/bpel/workflow/taskService#wsdl.interface(TaskService)"
                        callbackInterface="http://xmlns.oracle.com/bpel/workflow/taskService#wsdl.interface(TaskServiceCallback)"/>
      </reference>
    </componentType>
  </component>
  <component name="PartialJoin">
    <implementation.bpmn src="processes/PartialJoin.bpmn"/>
    <componentType>
      <service name="PartialJoin.service" ui:wsdlLocation="WSDLs/PartialJoin.wsdl">
        <interface.wsdl interface="http://xmlns.oracle.com/bpmn/bpmnProcess/PartialJoin#wsdl.interface(PartialJoinPortType)"
                        callbackInterface="http://xmlns.oracle.com/bpmn/bpmnProcess/PartialJoin#wsdl.interface(PartialJoinPortTypeCallBack)"/>
        <property name="bpm.generated.service.reference" type="xs:string" many="false">PartialJoin.service</property>
      </service>
      <reference name="HumanTasks.AcceptQuote.reference"
                 ui:wsdlLocation="oramds:/soa/shared/workflow/TaskServiceInterface.wsdl">
        <interface.wsdl interface="http://xmlns.oracle.com/bpel/workflow/taskService#wsdl.interface(TaskService)"
                        callbackInterface="http://xmlns.oracle.com/bpel/workflow/taskService#wsdl.interface(TaskServiceCallback)"/>
      </reference>
      <reference name="HumanTasks.BusinessReview.reference"
                 ui:wsdlLocation="oramds:/soa/shared/workflow/TaskServiceInterface.wsdl">
        <interface.wsdl interface="http://xmlns.oracle.com/bpel/workflow/taskService#wsdl.interface(TaskService)"
                        callbackInterface="http://xmlns.oracle.com/bpel/workflow/taskService#wsdl.interface(TaskServiceCallback)"/>
      </reference>
      <reference name="HumanTasks.ApproveDeals.reference"
                 ui:wsdlLocation="oramds:/soa/shared/workflow/TaskServiceInterface.wsdl">
        <interface.wsdl interface="http://xmlns.oracle.com/bpel/workflow/taskService#wsdl.interface(TaskService)"
                        callbackInterface="http://xmlns.oracle.com/bpel/workflow/taskService#wsdl.interface(TaskServiceCallback)"/>
      </reference>
      <reference name="HumanTasks.ApproveTerms.reference"
                 ui:wsdlLocation="oramds:/soa/shared/workflow/TaskServiceInterface.wsdl">
        <interface.wsdl interface="http://xmlns.oracle.com/bpel/workflow/taskService#wsdl.interface(TaskService)"
                        callbackInterface="http://xmlns.oracle.com/bpel/workflow/taskService#wsdl.interface(TaskServiceCallback)"/>
      </reference>
    </componentType>
  </component>
  <wire>
    <source.uri>SalesQuoteProcess/HumanTasks.AcceptQuote.reference</source.uri>
    <target.uri>AcceptQuote/TaskService</target.uri>
  </wire>
  <wire>
    <source.uri>SalesQuoteProcess/HumanTasks.BusinessReview.reference</source.uri>
    <target.uri>BusinessReview/TaskService</target.uri>
  </wire>
  <wire>
    <source.uri>SalesQuoteProcess/HumanTasks.ApproveDeals.reference</source.uri>
    <target.uri>ApproveDeals/TaskService</target.uri>
  </wire>
  <wire>
    <source.uri>SalesQuoteProcess/HumanTasks.ApproveTerms.reference</source.uri>
    <target.uri>ApproveTerms/TaskService</target.uri>
  </wire>
  <wire>
    <source.uri>SalesQuoteProcess.service</source.uri>
    <target.uri>SalesQuoteProcess/SalesQuoteProcess.service</target.uri>
  </wire>
  <wire>
    <source.uri>ExclusiveChoiceSimpleMerge/HumanTasks.SalesRepApprovalTask.reference</source.uri>
    <target.uri>SalesRepApprovalTask/TaskService</target.uri>
  </wire>
  <wire>
    <source.uri>ExclusiveChoiceSimpleMerge.service</source.uri>
    <target.uri>ExclusiveChoiceSimpleMerge/ExclusiveChoiceSimpleMerge.service</target.uri>
  </wire>
  <wire>
    <source.uri>SalesQuoteSimpleMerge/HumanTasks.SalesRepApprovalTask.reference</source.uri>
    <target.uri>SalesRepApprovalTask/TaskService</target.uri>
  </wire>
  <wire>
    <source.uri>SalesQuoteSimpleMerge/HumanTasks.ApproveDeals.reference</source.uri>
    <target.uri>ApproveDeals/TaskService</target.uri>
  </wire>
  <wire>
    <source.uri>SalesQuoteSimpleMerge/HumanTasks.ApproveTerms.reference</source.uri>
    <target.uri>ApproveTerms/TaskService</target.uri>
  </wire>
  <wire>
    <source.uri>SalesQuoteSimpleMerge.service</source.uri>
    <target.uri>SalesQuoteSimpleMerge/SalesQuoteSimpleMerge.service</target.uri>
  </wire>
  <wire>
    <source.uri>ParallelSplitSynchronization/HumanTasks.AcceptQuote.reference</source.uri>
    <target.uri>AcceptQuote/TaskService</target.uri>
  </wire>
  <wire>
    <source.uri>ParallelSplitSynchronization/HumanTasks.BusinessReview.reference</source.uri>
    <target.uri>BusinessReview/TaskService</target.uri>
  </wire>
  <wire>
    <source.uri>ParallelSplitSynchronization/HumanTasks.ApproveDeals.reference</source.uri>
    <target.uri>ApproveDeals/TaskService</target.uri>
  </wire>
  <wire>
    <source.uri>ParallelSplitSynchronization/HumanTasks.ApproveTerms.reference</source.uri>
    <target.uri>ApproveTerms/TaskService</target.uri>
  </wire>
  <wire>
    <source.uri>ParallelSplitSynchronization.service</source.uri>
    <target.uri>ParallelSplitSynchronization/ParallelSplitSynchronization.service</target.uri>
  </wire>
  <wire>
    <source.uri>ConditionalParallelSplitMerge/HumanTasks.AcceptQuote.reference</source.uri>
    <target.uri>AcceptQuote/TaskService</target.uri>
  </wire>
  <wire>
    <source.uri>ConditionalParallelSplitMerge/HumanTasks.BusinessReview.reference</source.uri>
    <target.uri>BusinessReview/TaskService</target.uri>
  </wire>
  <wire>
    <source.uri>ConditionalParallelSplitMerge/HumanTasks.ApproveDeals.reference</source.uri>
    <target.uri>ApproveDeals/TaskService</target.uri>
  </wire>
  <wire>
    <source.uri>ConditionalParallelSplitMerge/HumanTasks.ApproveTerms.reference</source.uri>
    <target.uri>ApproveTerms/TaskService</target.uri>
  </wire>
  <wire>
    <source.uri>ConditionalParallelSplitMerge.service</source.uri>
    <target.uri>ConditionalParallelSplitMerge/ConditionalParallelSplitMerge.service</target.uri>
  </wire>
  <wire>
    <source.uri>MultiMerge/HumanTasks.AcceptQuote.reference</source.uri>
    <target.uri>AcceptQuote/TaskService</target.uri>
  </wire>
  <wire>
    <source.uri>MultiMerge/HumanTasks.BusinessReview.reference</source.uri>
    <target.uri>BusinessReview/TaskService</target.uri>
  </wire>
  <wire>
    <source.uri>MultiMerge/HumanTasks.ApproveDeals.reference</source.uri>
    <target.uri>ApproveDeals/TaskService</target.uri>
  </wire>
  <wire>
    <source.uri>MultiMerge/HumanTasks.ApproveTerms.reference</source.uri>
    <target.uri>ApproveTerms/TaskService</target.uri>
  </wire>
  <wire>
    <source.uri>MultiMerge.service</source.uri>
    <target.uri>MultiMerge/MultiMerge.service</target.uri>
  </wire>
  <wire>
    <source.uri>PartialJoin/HumanTasks.AcceptQuote.reference</source.uri>
    <target.uri>AcceptQuote/TaskService</target.uri>
  </wire>
  <wire>
    <source.uri>PartialJoin/HumanTasks.BusinessReview.reference</source.uri>
    <target.uri>BusinessReview/TaskService</target.uri>
  </wire>
  <wire>
    <source.uri>PartialJoin/HumanTasks.ApproveDeals.reference</source.uri>
    <target.uri>ApproveDeals/TaskService</target.uri>
  </wire>
  <wire>
    <source.uri>PartialJoin/HumanTasks.ApproveTerms.reference</source.uri>
    <target.uri>ApproveTerms/TaskService</target.uri>
  </wire>
  <wire>
    <source.uri>PartialJoin.service</source.uri>
    <target.uri>PartialJoin/PartialJoin.service</target.uri>
  </wire>
</composite>
