<?xml version="1.0" encoding="UTF-8" standalone="yes"?>
<?oracleBPM version="12.1.3.0.0.00.00" fileRevision="20120601"?>
<processDocumentation xmlns="http://xmlns.oracle.com/bpm/taskMetadataService/processDocumentation">
   <component name="MultiMerge">
      <topicDocumentations>
         <topicDocumentation name="MultiMerge">
            <labels>
               <label locale="en">MultiMerge</label>
            </labels>
         </topicDocumentation>
         <topicDocumentation name="ACT10513580371971">
            <labels>
               <label locale="en">AcceptQuote</label>
            </labels>
            <descriptions>
               <description locale="en"></description>
            </descriptions>
         </topicDocumentation>
         <topicDocumentation name="ACT10513588676881">
            <labels>
               <label locale="en">BusinessReview</label>
            </labels>
            <descriptions>
               <description locale="en"></description>
            </descriptions>
         </topicDocumentation>
         <topicDocumentation name="ACT10513598399428">
            <labels>
               <label locale="en">ApproveDeals</label>
            </labels>
            <descriptions>
               <description locale="en"></description>
            </descriptions>
         </topicDocumentation>
         <topicDocumentation name="ACT10513602090953">
            <labels>
               <label locale="en">ApproveTerms</label>
            </labels>
            <descriptions>
               <description locale="en"></description>
            </descriptions>
         </topicDocumentation>
         <topicDocumentation name="ACT1051361287622">
            <labels>
               <label locale="en">FinalizeContract</label>
            </labels>
            <descriptions>
               <description locale="en"></description>
            </descriptions>
         </topicDocumentation>
         <topicDocumentation name="ACT1051637498269">
            <labels>
               <label locale="en">CheckCutusstomerStat</label>
            </labels>
            <descriptions>
               <description locale="en"></description>
            </descriptions>
         </topicDocumentation>
         <topicDocumentation name="EVT10513550349611">
            <labels>
               <label locale="en">Start</label>
            </labels>
            <descriptions>
               <description locale="en"></description>
            </descriptions>
         </topicDocumentation>
         <topicDocumentation name="EVT10513550349798">
            <labels>
               <label locale="en">End</label>
            </labels>
            <descriptions>
               <description locale="en"></description>
            </descriptions>
         </topicDocumentation>
         <topicDocumentation name="GTW10513583797266">
            <labels>
               <label locale="en">QuoteAcceptance</label>
            </labels>
            <descriptions>
               <description locale="en"></description>
            </descriptions>
         </topicDocumentation>
         <topicDocumentation name="GTW10513592796190">
            <labels>
               <label locale="en">BusinessReviewOutcome</label>
            </labels>
            <descriptions>
               <description locale="en"></description>
            </descriptions>
         </topicDocumentation>
         <topicDocumentation name="GTW10513606519585">
            <labels>
               <label locale="en">ParallelSplit</label>
            </labels>
            <descriptions>
               <description locale="en"></description>
            </descriptions>
         </topicDocumentation>
         <topicDocumentation name="GTW10513607494443">
            <labels>
               <label locale="en">ParallelMerge</label>
            </labels>
         </topicDocumentation>
         <topicDocumentation name="GTW10516345647070">
            <labels>
               <label locale="en">DiscountCheck</label>
            </labels>
            <descriptions>
               <description locale="en"></description>
            </descriptions>
         </topicDocumentation>
         <topicDocumentation name="GTW10516380322379">
            <labels>
               <label locale="en">CheckCustomerType</label>
            </labels>
            <descriptions>
               <description locale="en"></description>
            </descriptions>
         </topicDocumentation>
         <topicDocumentation name="GTW10516998954457">
            <labels>
               <label locale="en">ExclusiveGateway</label>
            </labels>
            <descriptions>
               <description locale="en"></description>
            </descriptions>
         </topicDocumentation>
         <topicDocumentation name="ACT10517008713788">
            <labels>
               <label locale="en">MultiMergeActivity</label>
            </labels>
            <descriptions>
               <description locale="en"></description>
            </descriptions>
         </topicDocumentation>
         <topicDocumentation name="sf10513550349772"/>
         <topicDocumentation name="sf10513583177287"/>
         <topicDocumentation name="sf10513614873181"/>
         <topicDocumentation name="sf10513615542113"/>
         <topicDocumentation name="sf10513618821533"/>
         <topicDocumentation name="sf10513619557136"/>
         <topicDocumentation name="sf10513622460144"/>
         <topicDocumentation name="sf10513625232774"/>
         <topicDocumentation name="sf10513630804947"/>
         <topicDocumentation name="sf10513632359733"/>
         <topicDocumentation name="sf10513636392060"/>
         <topicDocumentation name="sf10516346244686"/>
         <topicDocumentation name="sf10516353327190"/>
         <topicDocumentation name="sf10516355248068"/>
         <topicDocumentation name="sf10516376553227"/>
         <topicDocumentation name="sf1051638127720"/>
         <topicDocumentation name="sf1051639787155"/>
         <topicDocumentation name="sf10516400212315"/>
         <topicDocumentation name="sf1051699936901"/>
         <topicDocumentation name="sf10517005138332"/>
         <topicDocumentation name="sf10517009952216"/>
      </topicDocumentations>
   </component>
</processDocumentation>