<?xml version="1.0" encoding="UTF-8" standalone="yes"?>
<?oracleBPM version="12.1.3.0.0.00.00" fileRevision="20120601"?>
<processDocumentation xmlns="http://xmlns.oracle.com/bpm/taskMetadataService/processDocumentation">
   <component name="PartialJoin">
      <topicDocumentations>
         <topicDocumentation name="PartialJoin">
            <labels>
               <label locale="en">PartialJoin</label>
            </labels>
         </topicDocumentation>
         <topicDocumentation name="ACT10513580371971">
            <labels>
               <label locale="en">AcceptQuote</label>
            </labels>
            <descriptions>
               <description locale="en"></description>
            </descriptions>
         </topicDocumentation>
         <topicDocumentation name="ACT10513588676881">
            <labels>
               <label locale="en">BusinessReview</label>
            </labels>
            <descriptions>
               <description locale="en"></description>
            </descriptions>
         </topicDocumentation>
         <topicDocumentation name="ACT10513598399428">
            <labels>
               <label locale="en">ApproveDeals</label>
            </labels>
            <descriptions>
               <description locale="en"></description>
            </descriptions>
         </topicDocumentation>
         <topicDocumentation name="ACT10513602090953">
            <labels>
               <label locale="en">ApproveTerms</label>
            </labels>
            <descriptions>
               <description locale="en"></description>
            </descriptions>
         </topicDocumentation>
         <topicDocumentation name="ACT1051361287622">
            <labels>
               <label locale="en">FinalizeContract</label>
            </labels>
            <descriptions>
               <description locale="en"></description>
            </descriptions>
         </topicDocumentation>
         <topicDocumentation name="ACT1051637498269">
            <labels>
               <label locale="en">SomeActivity</label>
            </labels>
            <descriptions>
               <description locale="en"></description>
            </descriptions>
         </topicDocumentation>
         <topicDocumentation name="EVT10513550349611">
            <labels>
               <label locale="en">Start</label>
            </labels>
            <descriptions>
               <description locale="en"></description>
            </descriptions>
         </topicDocumentation>
         <topicDocumentation name="EVT10513550349798">
            <labels>
               <label locale="en">End</label>
            </labels>
            <descriptions>
               <description locale="en"></description>
            </descriptions>
         </topicDocumentation>
         <topicDocumentation name="GTW10513583797266">
            <labels>
               <label locale="en">QuoteAcceptance</label>
            </labels>
            <descriptions>
               <description locale="en"></description>
            </descriptions>
         </topicDocumentation>
         <topicDocumentation name="GTW10513592796190">
            <labels>
               <label locale="en">BusinessReviewOutcome</label>
            </labels>
            <descriptions>
               <description locale="en"></description>
            </descriptions>
         </topicDocumentation>
         <topicDocumentation name="GTW10513606519585">
            <labels>
               <label locale="en">ApprovalsSplit</label>
            </labels>
            <descriptions>
               <description locale="en"></description>
            </descriptions>
         </topicDocumentation>
         <topicDocumentation name="GTW10513607494443">
            <labels>
               <label locale="en">ApprovalsMerge</label>
            </labels>
            <descriptions>
               <description locale="en"></description>
            </descriptions>
         </topicDocumentation>
         <topicDocumentation name="sf10513550349772"/>
         <topicDocumentation name="sf10513583177287"/>
         <topicDocumentation name="sf10513614873181"/>
         <topicDocumentation name="sf10513615542113"/>
         <topicDocumentation name="sf10513618821533"/>
         <topicDocumentation name="sf10513619557136"/>
         <topicDocumentation name="sf10513622460144"/>
         <topicDocumentation name="sf10513625232774"/>
         <topicDocumentation name="sf10513630804947"/>
         <topicDocumentation name="sf10513632359733"/>
         <topicDocumentation name="sf10513636392060"/>
         <topicDocumentation name="sf10516355248068"/>
         <topicDocumentation name="sf10516376553227"/>
         <topicDocumentation name="sf1051638127720"/>
         <topicDocumentation name="sf10517005138332"/>
      </topicDocumentations>
   </component>
</processDocumentation>