<?xml version="1.0" encoding="UTF-8" standalone="yes"?>
<?oracleBPM version="12.1.3.0.0.00.00" fileRevision="20120601"?>
<processDocumentation xmlns="http://xmlns.oracle.com/bpm/taskMetadataService/processDocumentation">
   <component name="BackgroundCheck">
      <topicDocumentations>
         <topicDocumentation name="BackgroundCheck">
            <descriptions>
               <description locale="en">BackgroundCheck</description>
            </descriptions>
         </topicDocumentation>
         <topicDocumentation name="ACT8138919402288">
            <labels>
               <label locale="en">ReceiveBackgroungCheckReq</label>
            </labels>
            <descriptions>
               <description locale="en"></description>
            </descriptions>
         </topicDocumentation>
         <topicDocumentation name="ACT8138925215023">
            <labels>
               <label locale="en">sendBackgroungCheckResp</label>
            </labels>
            <descriptions>
               <description locale="en"></description>
            </descriptions>
         </topicDocumentation>
         <topicDocumentation name="ACT8138930611310">
            <labels>
               <label locale="en">SomeActivities</label>
            </labels>
            <descriptions>
               <description locale="en"></description>
            </descriptions>
         </topicDocumentation>
         <topicDocumentation name="ACT8138932086937">
            <labels>
               <label locale="en">Assignment</label>
            </labels>
            <descriptions>
               <description locale="en"></description>
            </descriptions>
         </topicDocumentation>
         <topicDocumentation name="EVT8138916392932">
            <labels>
               <label locale="en">Start</label>
            </labels>
            <descriptions>
               <description locale="en"></description>
            </descriptions>
         </topicDocumentation>
         <topicDocumentation name="EVT8138916393094">
            <labels>
               <label locale="en">End</label>
            </labels>
            <descriptions>
               <description locale="en"></description>
            </descriptions>
         </topicDocumentation>
         <topicDocumentation name="sf37"/>
         <topicDocumentation name="sf39"/>
         <topicDocumentation name="sf40"/>
         <topicDocumentation name="sf41"/>
         <topicDocumentation name="sf42"/>
      </topicDocumentations>
   </component>
</processDocumentation>