<?xml version="1.0" encoding="UTF-8" ?>
<!-- Generated by Oracle SOA Modeler version 11.1.1.7.0 at [10/28/13 12:05 PM]. -->
<composite name="LoanOriginationProject"
           revision="1.0"
           label="2013-10-28_12-05-39_743"
           mode="active"
           state="on"
           xmlns="http://xmlns.oracle.com/sca/1.0"
           xmlns:xs="http://www.w3.org/2001/XMLSchema"
           xmlns:wsp="http://schemas.xmlsoap.org/ws/2004/09/policy"
           xmlns:orawsp="http://schemas.oracle.com/ws/2006/01/policy"
           xmlns:ui="http://xmlns.oracle.com/soa/designer/">
  <import namespace="http://xmlns.oracle.com/bpmn/bpmnProcess/LoanOrigination"
          location="LoanOrigination.wsdl" importType="wsdl"/>
  <import namespace="http://xmlns.oracle.com/bpmn/bpmnProcess/BackOffice"
          location="BackOffice.wsdl" importType="wsdl"/>
  <import namespace="http://xmlns.oracle.com/ias/pcbpel/NotificationService"
          location="oramds:/soa/shared/workflow/NotificationService.wsdl"
          importType="wsdl"/>
  <import namespace=""
          location="project_properties.wsdl" importType="wsdl"/>
  <import namespace="http://xmlns.oracle.com/bpmn/bpmnProcess/BackgroundCheck"
          location="BackgroundCheck.wsdl" importType="wsdl"/>
  <import namespace="http://xmlns.oracle.com/bpmn/bpmnProcess/FraudIntruption"
          location="FraudIntruption.wsdl" importType="wsdl"/>
  <import namespace="http://schemas.oracle.com/events/edl/FraudDetails"
          location="FraudDetails.edl" importType="edl"/>
  <import namespace="http://xmlns.oracle.com/pcbpel/adapter/jms/LoanOriginationApp/LoanOriginationProject/PushToFeedbackQueue"
          location="PushToFeedbackQueue.wsdl" importType="wsdl"/>
  <import namespace="http://schemas.oracle.com/events/edl/Feedback"
          location="Feedback.edl" importType="edl"/>
  <import namespace="http://xmlns.oracle.com/bpel/workflow/taskService"
          location="oramds:/soa/shared/workflow/TaskServiceInterface.wsdl"
          importType="wsdl"/>
  <import namespace="http://xmlns.oracle.com/pcbpel/adapter/jms/LoanOriginationApp/LoanOriginationProject/GetGeedbackDetails"
          location="GetGeedbackDetails.wsdl" importType="wsdl"/>
  <import namespace="http://xmlns.oracle.com/LoanOriginationApp/FraudCheck/FraudCheck"
          location="http://VIACHARY-US:7003/soa-infra/services/default/FraudCheck/FraudCheck.wsdl" importType="wsdl"/>
  <import namespace="http://xmlns.oracle.com/LoanOriginationApp/CreditCheckPrj/CreditCheckService"
          location="http://VIACHARY-US:7003/soa-infra/services/default/CreditCheckPrj/CreditCheckService.wsdl"
          importType="wsdl"/>
  <service name="GetGeedbackDetails" ui:wsdlLocation="GetGeedbackDetails.wsdl">
    <interface.wsdl interface="http://xmlns.oracle.com/pcbpel/adapter/jms/LoanOriginationApp/LoanOriginationProject/GetGeedbackDetails#wsdl.interface(Consume_Message_ptt)"/>
    <binding.jca config="GetGeedbackDetails_jms.jca"/>
  </service>
  <service name="FraudIntruption.service" ui:wsdlLocation="FraudIntruption.wsdl">
    <interface.wsdl interface="http://xmlns.oracle.com/bpmn/bpmnProcess/FraudIntruption#wsdl.interface(FraudIntruptionPortType)"
                    callbackInterface="http://xmlns.oracle.com/bpmn/bpmnProcess/FraudIntruption#wsdl.interface(FraudIntruptionPortTypeCallBack)"/>
    <binding.ws port="http://xmlns.oracle.com/bpmn/bpmnProcess/FraudIntruption#wsdl.endpoint(FraudIntruption.service/FraudIntruptionPort)"/>
    <callback>
      <binding.ws port="http://xmlns.oracle.com/bpmn/bpmnProcess/FraudIntruption#wsdl.endpoint(FraudIntruption.service/FraudIntruptionPortTypeCallBack_pt)"/>
    </callback>
  </service>
  
  <service name="BackgroundCheck.service" ui:wsdlLocation="BackgroundCheck.wsdl">
    <interface.wsdl interface="http://xmlns.oracle.com/bpmn/bpmnProcess/BackgroundCheck#wsdl.interface(BackgroundCheckPortType)"
                    callbackInterface="http://xmlns.oracle.com/bpmn/bpmnProcess/BackgroundCheck#wsdl.interface(BackgroundCheckPortTypeCallBack)"/>
    <binding.ws port="http://xmlns.oracle.com/bpmn/bpmnProcess/BackgroundCheck#wsdl.endpoint(BackgroundCheck.service/BackgroundCheckPort)"/>
    <callback>
      <binding.ws port="http://xmlns.oracle.com/bpmn/bpmnProcess/BackgroundCheck#wsdl.endpoint(BackgroundCheck.service/BackgroundCheckPortTypeCallBack_pt)"/>
    </callback>
  </service>
  <service name="BackOffice.service" ui:wsdlLocation="BackOffice.wsdl">
    <interface.wsdl interface="http://xmlns.oracle.com/bpmn/bpmnProcess/BackOffice#wsdl.interface(BackOfficePortType)"
                    callbackInterface="http://xmlns.oracle.com/bpmn/bpmnProcess/BackOffice#wsdl.interface(BackOfficePortTypeCallBack)"/>
    <binding.ws port="http://xmlns.oracle.com/bpmn/bpmnProcess/BackOffice#wsdl.endpoint(BackOffice.service/BackOfficePort)"/>
    <callback>
      <binding.ws port="http://xmlns.oracle.com/bpmn/bpmnProcess/BackOffice#wsdl.endpoint(BackOffice.service/BackOfficePortTypeCallBack_pt)"/>
    </callback>
  </service>
  <service name="LoanOrigination.service" ui:wsdlLocation="LoanOrigination.wsdl">
    <interface.wsdl interface="http://xmlns.oracle.com/bpmn/bpmnProcess/LoanOrigination#wsdl.interface(LoanOriginationPortType)"
                    callbackInterface="http://xmlns.oracle.com/bpmn/bpmnProcess/LoanOrigination#wsdl.interface(LoanOriginationPortTypeCallBack)"/>
    <binding.ws port="http://xmlns.oracle.com/bpmn/bpmnProcess/LoanOrigination#wsdl.endpoint(LoanOrigination.service/LoanOriginationPort)"/>
    <callback>
      <binding.ws port="http://xmlns.oracle.com/bpmn/bpmnProcess/LoanOrigination#wsdl.endpoint(LoanOrigination.service/LoanOriginationPortTypeCallBack_pt)"/>
    </callback>
  </service>
  <property name="originalProductVersion" type="xs:string" many="false">11.1.1.7.0</property>
  <property name="productVersion" type="xs:string" many="false">12.1.3.0.0</property>
  <property name="compositeID" type="xs:string" many="false">298c660f-86be-4874-8d44-0bae1e443370</property>
  <component name="LoanOrigination">
    <implementation.bpmn src="processes/LoanOrigination.bpmn"/>
    <componentType xmlns="http://xmlns.oracle.com/sca/1.0" xmlns:xs="http://www.w3.org/2001/XMLSchema"
                   xmlns:ui="http://xmlns.oracle.com/soa/designer/">
      <service name="LoanOrigination.service" ui:wsdlLocation="LoanOrigination.wsdl">
        <interface.wsdl interface="http://xmlns.oracle.com/bpmn/bpmnProcess/LoanOrigination#wsdl.interface(LoanOriginationPortType)"
                        callbackInterface="http://xmlns.oracle.com/bpmn/bpmnProcess/LoanOrigination#wsdl.interface(LoanOriginationPortTypeCallBack)"/>
        <property name="bpm.generated.service.reference" type="xs:string" many="false">LoanOrigination.service</property>
      </service>
      <reference name="NotificationService.ACT813866880967"
                 ui:wsdlLocation="oramds:/soa/shared/workflow/NotificationService.wsdl">
        <interface.wsdl interface="http://xmlns.oracle.com/ias/pcbpel/NotificationService#wsdl.interface(NotificationService)"/>
      </reference>
      <reference name="BackgroundCheck.reference" ui:wsdlLocation="BackgroundCheck.wsdl">
        <interface.wsdl interface="http://xmlns.oracle.com/bpmn/bpmnProcess/BackgroundCheck#wsdl.interface(BackgroundCheckPortType)"
                        callbackInterface="http://xmlns.oracle.com/bpmn/bpmnProcess/BackgroundCheck#wsdl.interface(BackgroundCheckPortTypeCallBack)"/>
      </reference>
      <reference name="FraudIntruption.reference" ui:wsdlLocation="FraudIntruption.wsdl">
        <interface.wsdl interface="http://xmlns.oracle.com/bpmn/bpmnProcess/FraudIntruption#wsdl.interface(FraudIntruptionPortType)"
                        callbackInterface="http://xmlns.oracle.com/bpmn/bpmnProcess/FraudIntruption#wsdl.interface(FraudIntruptionPortTypeCallBack)"/>
      </reference>
      <reference name="Services.Externals.CreditCheck.reference"
                 ui:wsdlLocation="http://VIACHARY-US:7003/soa-infra/services/default/CreditCheckPrj/CreditCheckService.wsdl">
        <interface.wsdl interface="http://xmlns.oracle.com/LoanOriginationApp/CreditCheckPrj/CreditCheckService#wsdl.interface(CreditCheckService)"/>
      </reference>
      <reference name="HumanTasks.ApplicationVerificationTask.reference"
                 ui:wsdlLocation="oramds:/soa/shared/workflow/TaskServiceInterface.wsdl">
        <interface.wsdl interface="http://xmlns.oracle.com/bpel/workflow/taskService#wsdl.interface(TaskService)"
                        callbackInterface="http://xmlns.oracle.com/bpel/workflow/taskService#wsdl.interface(TaskServiceCallback)"/>
      </reference>
      <reference name="Services.Externals.FraudCheck.reference"
                 ui:wsdlLocation="http://VIACHARY-US:7003/soa-infra/services/default/FraudCheck/FraudCheck.wsdl">
        <interface.wsdl interface="http://xmlns.oracle.com/LoanOriginationApp/FraudCheck/FraudCheck#wsdl.interface(FraudCheck)"
                        callbackInterface="http://xmlns.oracle.com/LoanOriginationApp/FraudCheck/FraudCheck#wsdl.interface(FraudCheckCallback)"/>
      </reference>
    </componentType>
    <business-events/>
  </component>
  <component name="BackOffice">
    <implementation.bpmn src="processes/BackOffice.bpmn"/>
    <componentType xmlns="http://xmlns.oracle.com/sca/1.0" xmlns:xs="http://www.w3.org/2001/XMLSchema"
                   xmlns:ui="http://xmlns.oracle.com/soa/designer/">
      <service name="BackOffice.service" ui:wsdlLocation="BackOffice.wsdl">
        <interface.wsdl interface="http://xmlns.oracle.com/bpmn/bpmnProcess/BackOffice#wsdl.interface(BackOfficePortType)"
                        callbackInterface="http://xmlns.oracle.com/bpmn/bpmnProcess/BackOffice#wsdl.interface(BackOfficePortTypeCallBack)"/>
        <property name="bpm.generated.service.reference" type="xs:string" many="false">BackOffice.service</property>
      </service>
      <reference name="BackOffice_BackOffice_LoanOrigination.reference" ui:wsdlLocation="LoanOrigination.wsdl">
        <interface.wsdl interface="http://xmlns.oracle.com/bpmn/bpmnProcess/LoanOrigination#wsdl.interface(LoanOriginationPortType)"
                        callbackInterface="http://xmlns.oracle.com/bpmn/bpmnProcess/LoanOrigination#wsdl.interface(LoanOriginationPortTypeCallBack)"/>
      </reference>
      <reference name="BackOffice_BackOffice_Feedback.reference" ui:wsdlLocation="PushToFeedbackQueue.wsdl">
        <interface.wsdl interface="http://xmlns.oracle.com/pcbpel/adapter/jms/LoanOriginationApp/LoanOriginationProject/PushToFeedbackQueue#wsdl.interface(Produce_Message_ptt)"/>
      </reference>
    </componentType>
    <business-events>
      <subscribe xmlns:sub1="http://schemas.oracle.com/events/edl/Feedback"
                 name="sub1:Feedback" consistency="oneAndOnlyOne" durable="true"/>
    </business-events>
  </component>
  <component name="BackgroundCheck">
    <implementation.bpmn src="processes/BackgroundCheck.bpmn"/>
    <componentType xmlns="http://xmlns.oracle.com/sca/1.0" xmlns:xs="http://www.w3.org/2001/XMLSchema"
                   xmlns:ui="http://xmlns.oracle.com/soa/designer/">
      <service name="BackgroundCheck.service" ui:wsdlLocation="BackgroundCheck.wsdl">
        <interface.wsdl interface="http://xmlns.oracle.com/bpmn/bpmnProcess/BackgroundCheck#wsdl.interface(BackgroundCheckPortType)"
                        callbackInterface="http://xmlns.oracle.com/bpmn/bpmnProcess/BackgroundCheck#wsdl.interface(BackgroundCheckPortTypeCallBack)"/>
        <property name="bpm.generated.service.reference" type="xs:string" many="false">BackgroundCheck.service</property>
      </service>
    </componentType>
  </component>
  <component name="FraudIntruption">
    <implementation.bpmn src="processes/FraudIntruption.bpmn"/>
    <componentType xmlns="http://xmlns.oracle.com/sca/1.0" xmlns:xs="http://www.w3.org/2001/XMLSchema"
                   xmlns:ui="http://xmlns.oracle.com/soa/designer/">
      <service name="FraudIntruption.service" ui:wsdlLocation="FraudIntruption.wsdl">
        <interface.wsdl interface="http://xmlns.oracle.com/bpmn/bpmnProcess/FraudIntruption#wsdl.interface(FraudIntruptionPortType)"
                        callbackInterface="http://xmlns.oracle.com/bpmn/bpmnProcess/FraudIntruption#wsdl.interface(FraudIntruptionPortTypeCallBack)"/>
        <property name="bpm.generated.service.reference" type="xs:string" many="false">FraudIntruption.service</property>
      </service>
    </componentType>
  </component>
  <component name="Feedback">
    <implementation.bpmn src="processes/Feedback.bpmn"/>
    <componentType xmlns="http://xmlns.oracle.com/sca/1.0" xmlns:xs="http://www.w3.org/2001/XMLSchema"
                   xmlns:ui="http://xmlns.oracle.com/soa/designer/">
      <service name="References.Externals.GetGeedbackDetails.service" ui:wsdlLocation="GetGeedbackDetails.wsdl">
        <interface.wsdl interface="http://xmlns.oracle.com/pcbpel/adapter/jms/LoanOriginationApp/LoanOriginationProject/GetGeedbackDetails#wsdl.interface(Consume_Message_ptt)"/>
      </service>
    </componentType>
    <business-events>
      <publishes xmlns:pub1="http://schemas.oracle.com/events/edl/Feedback"
                 name="pub1:Feedback" persistent="true" priority="4" timeToLive="0"/>
    </business-events>
  </component>
  <component name="CatchFraudDetails">
    <implementation.bpmn src="processes/CatchFraudDetails.bpmn"/>
    <componentType xmlns="http://xmlns.oracle.com/sca/1.0" xmlns:xs="http://www.w3.org/2001/XMLSchema"
                   xmlns:ui="http://xmlns.oracle.com/soa/designer/"/>
    <business-events>
      <subscribe xmlns:sub1="http://schemas.oracle.com/events/edl/FraudDetails"
                 name="sub1:FraudDetails" consistency="oneAndOnlyOne" durable="true"/>
    </business-events>
  </component>
  <component name="ApplicationVerificationTask">
    <implementation.workflow src="ApplicationVerificationTask.task"/>
    <componentType xmlns="http://xmlns.oracle.com/sca/1.0" xmlns:xs="http://www.w3.org/2001/XMLSchema"
                   xmlns:ui="http://xmlns.oracle.com/soa/designer/">
      <service name="TaskService" ui:wsdlLocation="oramds:/soa/shared/workflow/TaskServiceInterface.wsdl">
        <interface.wsdl interface="http://xmlns.oracle.com/bpel/workflow/taskService#wsdl.interface(TaskService)"
                        callbackInterface="http://xmlns.oracle.com/bpel/workflow/taskService#wsdl.interface(TaskServiceCallback)"/>
      </service>
    </componentType>
  </component>
  
  <reference name="BPM-NotificationService"
             ui:wsdlLocation="oramds:/soa/shared/workflow/NotificationService.wsdl">
    <interface.wsdl interface="http://xmlns.oracle.com/ias/pcbpel/NotificationService#wsdl.interface(NotificationService)"/>
    <binding.wsif port="http://xmlns.oracle.com/ias/pcbpel/NotificationService#wsdl.endpoint(NotificationService/JavaPort)"
                  location="oramds:/soa/shared/workflow/NotificationService.wsdl"/>
  </reference>
  <reference name="CreditCheck"
             ui:wsdlLocation="http://VIACHARY-US:7003/soa-infra/services/default/CreditCheckPrj/CreditCheckService.wsdl">
    <interface.wsdl interface="http://xmlns.oracle.com/LoanOriginationApp/CreditCheckPrj/CreditCheckService#wsdl.interface(CreditCheckService)"/>
    <binding.ws port="http://xmlns.oracle.com/LoanOriginationApp/CreditCheckPrj/CreditCheckService#wsdl.endpoint(creditcheckservice_client_ep/CreditCheckService_pt)"
                location="http://viachary-us:7003/soa-infra/services/default/CreditCheckPrj/creditcheckservice_client_ep?WSDL"
                soapVersion="1.1">
      <property name="weblogic.wsee.wsat.transaction.flowOption" type="xs:string" many="false">WSDLDriven</property>
    </binding.ws>
  </reference>
  <reference name="FraudCheck"
             ui:wsdlLocation="http://VIACHARY-US:7003/soa-infra/services/default/FraudCheck/FraudCheck.wsdl">
    <interface.wsdl interface="http://xmlns.oracle.com/LoanOriginationApp/FraudCheck/FraudCheck#wsdl.interface(FraudCheck)"
                    callbackInterface="http://xmlns.oracle.com/LoanOriginationApp/FraudCheck/FraudCheck#wsdl.interface(FraudCheckCallback)"/>
    <binding.ws port="http://xmlns.oracle.com/LoanOriginationApp/FraudCheck/FraudCheck#wsdl.endpoint(fraudcheck_client_ep/FraudCheck_pt)"
                location="http://viachary-us:7003/soa-infra/services/default/FraudCheck/fraudcheck_client_ep?WSDL"
                soapVersion="1.1">
      <property name="weblogic.wsee.wsat.transaction.flowOption" type="xs:string" many="false">WSDLDriven</property>
    </binding.ws>
    <callback>
      <binding.ws port="http://xmlns.oracle.com/LoanOriginationApp/FraudCheck/FraudCheck#wsdl.endpoint(fraudcheck_client_ep/FraudCheckCallback_pt)"/>
    </callback>
  </reference>
  <reference name="PushToFeedbackQueue"
             ui:wsdlLocation="PushToFeedbackQueue.wsdl">
    <interface.wsdl interface="http://xmlns.oracle.com/pcbpel/adapter/jms/LoanOriginationApp/LoanOriginationProject/PushToFeedbackQueue#wsdl.interface(Produce_Message_ptt)"/>
    <binding.jca config="PushToFeedbackQueue_jms.jca"/>
  </reference>
  <wire>
    <source.uri>LoanOrigination/NotificationService.ACT813866880967</source.uri>
    <target.uri>BPM-NotificationService</target.uri>
  </wire>
  <wire>
    <source.uri>LoanOrigination/BackgroundCheck.reference</source.uri>
    <target.uri>BackgroundCheck/BackgroundCheck.service</target.uri>
  </wire>
  <wire>
    <source.uri>LoanOrigination/FraudIntruption.reference</source.uri>
    <target.uri>FraudIntruption/FraudIntruption.service</target.uri>
  </wire>
  <wire>
    <source.uri>BackOffice/BackOffice_BackOffice_LoanOrigination.reference</source.uri>
    <target.uri>LoanOrigination/LoanOrigination.service</target.uri>
  </wire>
  <wire>
    <source.uri>BackOffice/BackOffice_BackOffice_Feedback.reference</source.uri>
    <target.uri>PushToFeedbackQueue</target.uri>
  </wire>
  <wire>
    <source.uri>LoanOrigination/Services.Externals.CreditCheck.reference</source.uri>
    <target.uri>CreditCheck</target.uri>
  </wire>
  <wire>
    <source.uri>LoanOrigination/HumanTasks.ApplicationVerificationTask.reference</source.uri>
    <target.uri>ApplicationVerificationTask/TaskService</target.uri>
  </wire>
  <wire>
    <source.uri>GetGeedbackDetails</source.uri>
    <target.uri>Feedback/References.Externals.GetGeedbackDetails.service</target.uri>
  </wire>
  <wire>
    <source.uri>FraudIntruption.service</source.uri>
    <target.uri>FraudIntruption/FraudIntruption.service</target.uri>
  </wire>
  <!--wire>
    <source.uri>WEB/LoanOrigination.reference</source.uri>
    <target.uri>LoanOrigination/LoanOrigination.service</target.uri>
  </wire-->
  
  <wire>
    <source.uri>BackgroundCheck.service</source.uri>
    <target.uri>BackgroundCheck/BackgroundCheck.service</target.uri>
  </wire>
  <wire>
    <source.uri>LoanOrigination/Services.Externals.FraudCheck.reference</source.uri>
    <target.uri>FraudCheck</target.uri>
  </wire>
  <wire>
    <source.uri>BackOffice.service</source.uri>
    <target.uri>BackOffice/BackOffice.service</target.uri>
  </wire>
  <wire>
    <source.uri>LoanOrigination.service</source.uri>
    <target.uri>LoanOrigination/LoanOrigination.service</target.uri>
  </wire>
</composite>
