<?xml version = '1.0' encoding = 'UTF-8'?>
<Faults>
   <Fault>
      <severity>warning</severity>
      <loc/>
      <line/>
      <col/>
      <file>HumanTasks/ValidationTask.task</file>
      <name>HumanTasks/ValidationTask.task</name>
      <fix/>
      <msg>Error assignee not specified</msg>
   </Fault>
   <Fault>
      <severity>warning</severity>
      <loc/>
      <line/>
      <col/>
      <file>HumanTasks/VerificationTask.task</file>
      <name>HumanTasks/VerificationTask.task</name>
      <fix/>
      <msg>Error assignee not specified</msg>
   </Fault>
</Faults>
