<?xml version = '1.0' encoding = 'UTF-8'?>
<Faults>
   <Fault>
      <severity>warning</severity>
      <loc/>
      <line/>
      <col/>
      <file>ManagementTask.task</file>
      <name>ManagementTask.task</name>
      <fix/>
      <msg>Error assignee not specified</msg>
   </Fault>
   <Fault>
      <severity>warning</severity>
      <loc/>
      <line/>
      <col/>
      <file>ManagementTask.task</file>
      <name>ManagementTask.task</name>
      <fix/>
      <msg>Payload not specified</msg>
   </Fault>
   <Fault>
      <severity>warning</severity>
      <loc/>
      <line/>
      <col/>
      <file>InitiatorTask.task</file>
      <name>InitiatorTask.task</name>
      <fix/>
      <msg>Error assignee not specified</msg>
   </Fault>
   <Fault>
      <severity>warning</severity>
      <loc/>
      <line/>
      <col/>
      <file>UserTask.task</file>
      <name>UserTask.task</name>
      <fix/>
      <msg>Error assignee not specified</msg>
   </Fault>
   <Fault>
      <severity>warning</severity>
      <loc/>
      <line/>
      <col/>
      <file>UserTask.task</file>
      <name>UserTask.task</name>
      <fix/>
      <msg>Payload not specified</msg>
   </Fault>
   <Fault>
      <severity>warning</severity>
      <loc/>
      <line/>
      <col/>
      <file>GroupVoteTask.task</file>
      <name>GroupVoteTask.task</name>
      <fix/>
      <msg>Error assignee not specified</msg>
   </Fault>
   <Fault>
      <severity>warning</severity>
      <loc/>
      <line>19</line>
      <col>57</col>
      <file>ComplexTask.task</file>
      <name>ComplexTask.task</name>
      <fix/>
      <msg>schema -  (Error) Missing Attribute 'renewalDuration'</msg>
   </Fault>
   <Fault>
      <severity>warning</severity>
      <loc/>
      <line/>
      <col/>
      <file>ComplexTask.task</file>
      <name>ComplexTask.task</name>
      <fix/>
      <msg>Error assignee not specified</msg>
   </Fault>
   <Fault>
      <severity>warning</severity>
      <loc/>
      <line/>
      <col/>
      <file>FYITask.task</file>
      <name>FYITask.task</name>
      <fix/>
      <msg>Error assignee not specified</msg>
   </Fault>
   <Fault>
      <severity>warning</severity>
      <loc/>
      <line/>
      <col/>
      <file>FYITask.task</file>
      <name>FYITask.task</name>
      <fix/>
      <msg>Payload not specified</msg>
   </Fault>
</Faults>
