<?xml version="1.0" encoding="UTF-8" ?>
<JavaBean xmlns="http://xmlns.oracle.com/adfm/beanmodel" version="12.1.3.10.8" id="ApplicantDetailsType"
          Package="TaskForm_LOProcessHumanInitiationTask"
          BeanClass="TaskForm_LOProcessHumanInitiationTask.ApplicantDetailsType" isJavaBased="false">
  <AccessorAttribute id="ApplicantInformation" IsCollection="true"
                     BeanClass="TaskForm_LOProcessHumanInitiationTask.ApplicantInformationType"
                     CollectionBeanClass="TaskForm_LOProcessHumanInitiationTask.ApplicantInformationType_ApplicantInformation_Operations">
    <Properties>
      <Property Name="nextSiblingNamespace" Value="http://www.myloanoriginationsystem.org"/>
      <Property Name="nextSibling" Value="Address"/>
      <Property Name="minOccurs" Value="1"/>
      <Property Name="maxOccurs" Value="1"/>
      <Property Name="LABEL" Value="Applicant Information"/>
      <Property Name="nillable" Value="false"/>
      <Property Name="originalName" Value="ApplicantInformation"/>
      <Property Name="targetNamespace" Value="http://www.myloanoriginationsystem.org"/>
    </Properties>
  </AccessorAttribute>
  <AccessorAttribute id="Address" IsCollection="true" BeanClass="TaskForm_LOProcessHumanInitiationTask.AddressType"
                     CollectionBeanClass="TaskForm_LOProcessHumanInitiationTask.AddressType_Address_Operations">
    <Properties>
      <Property Name="nextSiblingNamespace" Value="http://www.myloanoriginationsystem.org"/>
      <Property Name="nextSibling" Value="Contact"/>
      <Property Name="minOccurs" Value="1"/>
      <Property Name="maxOccurs" Value="1"/>
      <Property Name="LABEL" Value="Address"/>
      <Property Name="nillable" Value="false"/>
      <Property Name="originalName" Value="Address"/>
      <Property Name="targetNamespace" Value="http://www.myloanoriginationsystem.org"/>
    </Properties>
  </AccessorAttribute>
  <AccessorAttribute id="Contact" IsCollection="true" BeanClass="TaskForm_LOProcessHumanInitiationTask.ContactType"
                     CollectionBeanClass="TaskForm_LOProcessHumanInitiationTask.ContactType_Contact_Operations">
    <Properties>
      <Property Name="nextSiblingNamespace" Value="http://www.myloanoriginationsystem.org"/>
      <Property Name="nextSibling" Value="IncomeEmployment"/>
      <Property Name="minOccurs" Value="1"/>
      <Property Name="maxOccurs" Value="1"/>
      <Property Name="LABEL" Value="Contact"/>
      <Property Name="nillable" Value="false"/>
      <Property Name="originalName" Value="Contact"/>
      <Property Name="targetNamespace" Value="http://www.myloanoriginationsystem.org"/>
    </Properties>
  </AccessorAttribute>
  <AccessorAttribute id="IncomeEmployment" IsCollection="true"
                     BeanClass="TaskForm_LOProcessHumanInitiationTask.IncomeAndEmploymentType"
                     CollectionBeanClass="TaskForm_LOProcessHumanInitiationTask.IncomeAndEmploymentType_IncomeEmployment_Operations">
    <Properties>
      <Property Name="minOccurs" Value="1"/>
      <Property Name="maxOccurs" Value="1"/>
      <Property Name="LABEL" Value="Income Employment"/>
      <Property Name="nillable" Value="false"/>
      <Property Name="originalName" Value="IncomeEmployment"/>
      <Property Name="targetNamespace" Value="http://www.myloanoriginationsystem.org"/>
    </Properties>
  </AccessorAttribute>
</JavaBean>
