<?xml version="1.0" encoding="UTF-8" ?>
<JavaBean xmlns="http://xmlns.oracle.com/adfm/beanmodel" version="12.1.3.10.8" id="IncomeAndEmploymentType"
          Package="TaskForm_LOProcessHumanInitiationTask"
          BeanClass="TaskForm_LOProcessHumanInitiationTask.IncomeAndEmploymentType" isJavaBased="false">
  <Attribute Name="Occupation" Type="java.lang.String">
    <Properties>
      <CustomProperties>
        <Property Name="nextSiblingNamespace" Value="http://www.myloanoriginationsystem.org"/>
        <Property Name="nextSibling" Value="YGross"/>
        <Property Name="minOccurs" Value="1"/>
        <Property Name="maxOccurs" Value="1"/>
        <Property Name="LABEL" Value="Occupation"/>
        <Property Name="LeafElement_hint" Value="LeafElement_no_attribute"/>
        <Property Name="nillable" Value="false"/>
        <Property Name="originalName" Value="Occupation"/>
        <Property Name="targetNamespace" Value="http://www.myloanoriginationsystem.org"/>
        <Property Name="type" Value="java.lang.String"/>
      </CustomProperties>
    </Properties>
  </Attribute>
  <Attribute Name="YGross" Type="java.math.BigDecimal">
    <Properties>
      <CustomProperties>
        <Property Name="nextSiblingNamespace" Value="http://www.myloanoriginationsystem.org"/>
        <Property Name="nextSibling" Value="TotalIncome"/>
        <Property Name="minOccurs" Value="1"/>
        <Property Name="maxOccurs" Value="1"/>
        <Property Name="LABEL" Value="Y Gross"/>
        <Property Name="LeafElement_hint" Value="LeafElement_no_attribute"/>
        <Property Name="nillable" Value="false"/>
        <Property Name="originalName" Value="YGross"/>
        <Property Name="targetNamespace" Value="http://www.myloanoriginationsystem.org"/>
        <Property Name="type" Value="java.lang.BigDecimal"/>
      </CustomProperties>
    </Properties>
  </Attribute>
  <Attribute Name="TotalIncome" Type="java.math.BigDecimal">
    <Properties>
      <CustomProperties>
        <Property Name="nextSiblingNamespace" Value="http://www.myloanoriginationsystem.org"/>
        <Property Name="nextSibling" Value="EmployeeName"/>
        <Property Name="minOccurs" Value="1"/>
        <Property Name="maxOccurs" Value="1"/>
        <Property Name="LABEL" Value="Total Income"/>
        <Property Name="LeafElement_hint" Value="LeafElement_no_attribute"/>
        <Property Name="nillable" Value="false"/>
        <Property Name="originalName" Value="TotalIncome"/>
        <Property Name="targetNamespace" Value="http://www.myloanoriginationsystem.org"/>
        <Property Name="type" Value="java.lang.BigDecimal"/>
      </CustomProperties>
    </Properties>
  </Attribute>
  <Attribute Name="EmployeeName" Type="java.lang.String">
    <Properties>
      <CustomProperties>
        <Property Name="nextSiblingNamespace" Value="http://www.myloanoriginationsystem.org"/>
        <Property Name="nextSibling" Value="JobTitle"/>
        <Property Name="minOccurs" Value="1"/>
        <Property Name="maxOccurs" Value="1"/>
        <Property Name="LABEL" Value="Employee Name"/>
        <Property Name="LeafElement_hint" Value="LeafElement_no_attribute"/>
        <Property Name="nillable" Value="false"/>
        <Property Name="originalName" Value="EmployeeName"/>
        <Property Name="targetNamespace" Value="http://www.myloanoriginationsystem.org"/>
        <Property Name="type" Value="java.lang.String"/>
      </CustomProperties>
    </Properties>
  </Attribute>
  <Attribute Name="JobTitle" Type="java.lang.String">
    <Properties>
      <CustomProperties>
        <Property Name="nextSiblingNamespace" Value="http://www.myloanoriginationsystem.org"/>
        <Property Name="nextSibling" Value="StartDate"/>
        <Property Name="minOccurs" Value="1"/>
        <Property Name="maxOccurs" Value="1"/>
        <Property Name="LABEL" Value="Job Title"/>
        <Property Name="LeafElement_hint" Value="LeafElement_no_attribute"/>
        <Property Name="nillable" Value="false"/>
        <Property Name="originalName" Value="JobTitle"/>
        <Property Name="targetNamespace" Value="http://www.myloanoriginationsystem.org"/>
        <Property Name="type" Value="java.lang.String"/>
      </CustomProperties>
    </Properties>
  </Attribute>
  <Attribute Name="StartDate" Type="java.sql.Date">
    <Properties>
      <CustomProperties>
        <Property Name="nextSiblingNamespace" Value="http://www.myloanoriginationsystem.org"/>
        <Property Name="nextSibling" Value="EndDate"/>
        <Property Name="minOccurs" Value="1"/>
        <Property Name="maxOccurs" Value="1"/>
        <Property Name="LABEL" Value="Start Date"/>
        <Property Name="LeafElement_hint" Value="LeafElement_no_attribute"/>
        <Property Name="nillable" Value="false"/>
        <Property Name="originalName" Value="StartDate"/>
        <Property Name="targetNamespace" Value="http://www.myloanoriginationsystem.org"/>
        <Property Name="type" Value="date"/>
      </CustomProperties>
    </Properties>
  </Attribute>
  <Attribute Name="EndDate" Type="java.sql.Date">
    <Properties>
      <CustomProperties>
        <Property Name="nextSiblingNamespace" Value="http://www.myloanoriginationsystem.org"/>
        <Property Name="nextSibling" Value="EmployeePhone"/>
        <Property Name="minOccurs" Value="1"/>
        <Property Name="maxOccurs" Value="1"/>
        <Property Name="LABEL" Value="End Date"/>
        <Property Name="LeafElement_hint" Value="LeafElement_no_attribute"/>
        <Property Name="nillable" Value="false"/>
        <Property Name="originalName" Value="EndDate"/>
        <Property Name="targetNamespace" Value="http://www.myloanoriginationsystem.org"/>
        <Property Name="type" Value="date"/>
      </CustomProperties>
    </Properties>
  </Attribute>
  <Attribute Name="EmployeePhone" Type="java.lang.Integer">
    <Properties>
      <CustomProperties>
        <Property Name="minInclusive" Value="-2147483648"/>
        <Property Name="originalName" Value="EmployeePhone"/>
        <Property Name="LeafElement_hint" Value="LeafElement_no_attribute"/>
        <Property Name="nextSiblingNamespace" Value="http://www.myloanoriginationsystem.org"/>
        <Property Name="nextSibling" Value="EmployeeAddress"/>
        <Property Name="pattern" Value="[^//.]+"/>
        <Property Name="fractionDigits" Value="0"/>
        <Property Name="LABEL" Value="Employee Phone"/>
        <Property Name="nillable" Value="false"/>
        <Property Name="maxOccurs" Value="1"/>
        <Property Name="maxInclusive" Value="2147483647"/>
        <Property Name="type" Value="java.lang.Integer"/>
        <Property Name="targetNamespace" Value="http://www.myloanoriginationsystem.org"/>
        <Property Name="minOccurs" Value="1"/>
      </CustomProperties>
    </Properties>
  </Attribute>
  <Attribute Name="EmployeeAddress" Type="java.lang.String">
    <Properties>
      <CustomProperties>
        <Property Name="minOccurs" Value="1"/>
        <Property Name="maxOccurs" Value="1"/>
        <Property Name="LABEL" Value="Employee Address"/>
        <Property Name="LeafElement_hint" Value="LeafElement_no_attribute"/>
        <Property Name="nillable" Value="false"/>
        <Property Name="originalName" Value="EmployeeAddress"/>
        <Property Name="targetNamespace" Value="http://www.myloanoriginationsystem.org"/>
        <Property Name="type" Value="java.lang.String"/>
      </CustomProperties>
    </Properties>
  </Attribute>
</JavaBean>
