<?xml version="1.0" encoding="UTF-8" ?>
<JavaBean xmlns="http://xmlns.oracle.com/adfm/beanmodel" version="12.1.3.10.8" id="ucmMetadataItemType"
          Package="TaskForm_LOProcessHumanInitiationTask"
          BeanClass="TaskForm_LOProcessHumanInitiationTask.ucmMetadataItemType" isJavaBased="false">
  <Attribute Name="name" Type="java.lang.String">
    <Properties>
      <CustomProperties>
        <Property Name="nextSiblingNamespace" Value="http://xmlns.oracle.com/bpel/workflow/task"/>
        <Property Name="nextSibling" Value="value"/>
        <Property Name="minOccurs" Value="0"/>
        <Property Name="maxOccurs" Value="1"/>
        <Property Name="LABEL" Value="Name"/>
        <Property Name="LeafElement_hint" Value="LeafElement_no_attribute"/>
        <Property Name="nillable" Value="false"/>
        <Property Name="originalName" Value="name"/>
        <Property Name="targetNamespace" Value="http://xmlns.oracle.com/bpel/workflow/task"/>
        <Property Name="type" Value="java.lang.String"/>
      </CustomProperties>
    </Properties>
  </Attribute>
  <Attribute Name="value" Type="java.lang.String">
    <Properties>
      <CustomProperties>
        <Property Name="nextSiblingNamespace" Value="http://xmlns.oracle.com/bpel/workflow/task"/>
        <Property Name="nextSibling" Value="type"/>
        <Property Name="minOccurs" Value="0"/>
        <Property Name="maxOccurs" Value="1"/>
        <Property Name="LABEL" Value="Value"/>
        <Property Name="LeafElement_hint" Value="LeafElement_no_attribute"/>
        <Property Name="nillable" Value="false"/>
        <Property Name="originalName" Value="value"/>
        <Property Name="targetNamespace" Value="http://xmlns.oracle.com/bpel/workflow/task"/>
        <Property Name="type" Value="java.lang.String"/>
      </CustomProperties>
    </Properties>
  </Attribute>
  <Attribute Name="type" Type="java.lang.String">
    <Properties>
      <CustomProperties>
        <Property Name="minOccurs" Value="0"/>
        <Property Name="maxOccurs" Value="1"/>
        <Property Name="LABEL" Value="Type"/>
        <Property Name="LeafElement_hint" Value="LeafElement_no_attribute"/>
        <Property Name="nillable" Value="false"/>
        <Property Name="originalName" Value="type"/>
        <Property Name="targetNamespace" Value="http://xmlns.oracle.com/bpel/workflow/task"/>
        <Property Name="type" Value="java.lang.String"/>
        <Property Name="enumeration" Value="[DATE, STRING, NUMBER]"/>
      </CustomProperties>
    </Properties>
  </Attribute>
</JavaBean>
