<?xml version="1.0" encoding="UTF-8" ?>
<JavaBean xmlns="http://xmlns.oracle.com/adfm/beanmodel" version="11.1.1.64.93"
          id="Appraisal" Package="UpdateClaimTaskUI_UpdateClaimTask"
          BeanClass="UpdateClaimTaskUI_UpdateClaimTask.Appraisal"
          isJavaBased="false">
  <AccessorAttribute id="examineDamage" IsCollection="true"
                     BeanClass="UpdateClaimTaskUI_UpdateClaimTask.ExamineDamage"
                     CollectionBeanClass="UpdateClaimTaskUI_UpdateClaimTask.ExamineDamage_examineDamage_Operations">
    <Properties>
      <Property Name="nextSiblingNamespace"
                Value="http://www.Claim4Insurance.org"/>
      <Property Name="nextSibling" Value="vehicalDetails"/>
      <Property Name="minOccurs" Value="0"/>
      <Property Name="maxOccurs" Value="1"/>
      <Property Name="LABEL" Value="Examine Damage"/>
      <Property Name="nillable" Value="false"/>
      <Property Name="originalName" Value="examineDamage"/>
      <Property Name="targetNamespace" Value="http://www.Claim4Insurance.org"/>
    </Properties>
  </AccessorAttribute>
  <AccessorAttribute id="vehicalDetails" IsCollection="true"
                     BeanClass="UpdateClaimTaskUI_UpdateClaimTask.vehicalDetails"
                     CollectionBeanClass="UpdateClaimTaskUI_UpdateClaimTask.vehicalDetails_vehicalDetails_Operations">
    <Properties>
      <Property Name="nextSiblingNamespace"
                Value="http://www.Claim4Insurance.org"/>
      <Property Name="nextSibling" Value="estimatedCost"/>
      <Property Name="minOccurs" Value="0"/>
      <Property Name="maxOccurs" Value="1"/>
      <Property Name="LABEL" Value="Vehical Details"/>
      <Property Name="nillable" Value="false"/>
      <Property Name="originalName" Value="vehicalDetails"/>
      <Property Name="targetNamespace" Value="http://www.Claim4Insurance.org"/>
    </Properties>
  </AccessorAttribute>
  <AccessorAttribute id="estimatedCost" IsCollection="true"
                     BeanClass="UpdateClaimTaskUI_UpdateClaimTask.estimatedCost"
                     CollectionBeanClass="UpdateClaimTaskUI_UpdateClaimTask.estimatedCost_estimatedCost_Operations">
    <Properties>
      <Property Name="nextSiblingNamespace"
                Value="http://www.Claim4Insurance.org"/>
      <Property Name="nextSibling" Value="declaration"/>
      <Property Name="minOccurs" Value="0"/>
      <Property Name="maxOccurs" Value="1"/>
      <Property Name="LABEL" Value="Estimated Cost"/>
      <Property Name="nillable" Value="false"/>
      <Property Name="originalName" Value="estimatedCost"/>
      <Property Name="targetNamespace" Value="http://www.Claim4Insurance.org"/>
    </Properties>
  </AccessorAttribute>
  <AccessorAttribute id="declaration" IsCollection="true"
                     BeanClass="UpdateClaimTaskUI_UpdateClaimTask.declaration"
                     CollectionBeanClass="UpdateClaimTaskUI_UpdateClaimTask.declaration_declaration_Operations">
    <Properties>
      <Property Name="minOccurs" Value="0"/>
      <Property Name="maxOccurs" Value="1"/>
      <Property Name="LABEL" Value="Declaration"/>
      <Property Name="nillable" Value="false"/>
      <Property Name="originalName" Value="declaration"/>
      <Property Name="targetNamespace" Value="http://www.Claim4Insurance.org"/>
    </Properties>
  </AccessorAttribute>
</JavaBean>
