<?xml version="1.0" encoding="windows-1252" ?>
<adfc-config xmlns="http://xmlns.oracle.com/adf/controller" version="1.2">
  <task-flow-definition id="LOProcessHumanInitiationTask_TaskFlow">
    <default-activity>taskDetails1_jspx</default-activity>
    <data-control-scope>
      <isolated/>
    </data-control-scope>
    <input-parameter-definition id="__1">
      <name>bpmWorklistContext</name>
      <value>#{pageFlowScope.bpmWorklistContext}</value>
      <class></class>
    </input-parameter-definition>
    <input-parameter-definition id="__2">
      <name>bpmWorklistTaskId</name>
      <value>#{pageFlowScope.bpmWorklistTaskId}</value>
      <class></class>
    </input-parameter-definition>
    <input-parameter-definition id="__3">
      <name>bpmWorklistTaskVersion</name>
      <value>#{pageFlowScope.bpmWorklistTaskVersion}</value>
      <class></class>
    </input-parameter-definition>
    <input-parameter-definition id="__4">
      <name>bpmWorklistHttpURL</name>
      <value>#{pageFlowScope.bpmWorklistHttpURL}</value>
      <class></class>
    </input-parameter-definition>
    <input-parameter-definition id="__5">
      <name>parentURL</name>
      <value>#{pageFlowScope.parentURL}</value>
      <class></class>
    </input-parameter-definition>
    <input-parameter-definition id="__6">
      <name>bpmWorklistHome</name>
      <value>#{pageFlowScope.bpmWorklistHome}</value>
      <class></class>
    </input-parameter-definition>
    <input-parameter-definition id="__7">
      <name>bpmWorklistLogin</name>
      <value>#{pageFlowScope.bpmWorklistLogin}</value>
      <class></class>
    </input-parameter-definition>
    <input-parameter-definition id="__8">
      <name>bpmWorklistLogout</name>
      <value>#{pageFlowScope.bpmWorklistLogout}</value>
      <class></class>
    </input-parameter-definition>
    <input-parameter-definition id="__9">
      <name>bpmWorklistReassign</name>
      <value>#{pageFlowScope.bpmWorklistReassign}</value>
      <class></class>
    </input-parameter-definition>
    <input-parameter-definition id="__10">
      <name>bpmWorklistHistory</name>
      <value>#{pageFlowScope.bpmWorklistHistory}</value>
      <class></class>
    </input-parameter-definition>
    <input-parameter-definition id="__11">
      <name>bpmWorklistRequestInfo</name>
      <value>#{pageFlowScope.bpmWorklistRequestInfo}</value>
      <class></class>
    </input-parameter-definition>
    <input-parameter-definition id="__12">
      <name>bpmWorklistRoute</name>
      <value>#{pageFlowScope.bpmWorklistRoute}</value>
      <class></class>
    </input-parameter-definition>
    <input-parameter-definition id="__13">
      <name>bpmClientType</name>
      <value>#{pageFlowScope.bpmClientType}</value>
      <class></class>
    </input-parameter-definition>
    <input-parameter-definition id="__14">
      <name>bpmBrowserWindowStatus</name>
      <value>#{pageFlowScope.bpmBrowserWindowStatus}</value>
      <class></class>
    </input-parameter-definition>
    <input-parameter-definition id="__15">
      <name>bpmWorklistBackPage</name>
      <value>#{pageFlowScope.bpmWorklistBackPage}</value>
      <class></class>
    </input-parameter-definition>
    <input-parameter-definition id="__16">
      <name>bpmWorklistSecurity</name>
      <value>#{pageFlowScope.bpmWorklistSecurity}</value>
      <class></class>
    </input-parameter-definition>
    <input-parameter-definition id="__17">
      <name>bpmWorklistGraphHistory</name>
      <value>#{pageFlowScope.bpmWorklistGraphSecurity}</value>
      <class></class>
    </input-parameter-definition>
    <input-parameter-definition id="__18">
      <name>enableNavigationButton</name>
      <value>#{pageFlowScope.enableNavigationButton}</value>
      <class></class>
    </input-parameter-definition>
    <input-parameter-definition id="__19">
      <name>lg</name>
      <value>#{pageFlowScope.lg}</value>
      <class></class>
    </input-parameter-definition>
    <input-parameter-definition id="__20">
      <name>cy</name>
      <value>#{pageFlowScope.cy}</value>
      <class></class>
    </input-parameter-definition>
    <input-parameter-definition id="__21">
      <name>vr</name>
      <value>#{pageFlowScope.vr}</value>
      <class></class>
    </input-parameter-definition>
    <input-parameter-definition id="__22">
      <name>tz</name>
      <value>#{pageFlowScope.tz}</value>
      <class></class>
    </input-parameter-definition>
    <input-parameter-definition id="__23">
      <name>df</name>
      <value>#{pageFlowScope.df}</value>
      <class></class>
    </input-parameter-definition>
    <input-parameter-definition id="__24">
      <name>tf</name>
      <value>#{pageFlowScope.tf}</value>
      <class></class>
    </input-parameter-definition>
    <input-parameter-definition id="__25">
      <name>dt</name>
      <value>#{pageFlowScope.dt}</value>
      <class></class>
    </input-parameter-definition>
    <input-parameter-definition id="__26">
      <name>dateTimePattern</name>
      <value>#{pageFlowScope.dateTimePattern}</value>
      <class></class>
    </input-parameter-definition>
    <input-parameter-definition id="__27">
      <name>datePattern</name>
      <value>#{pageFlowScope.datePattern}</value>
      <class></class>
    </input-parameter-definition>
    <input-parameter-definition id="__28">
      <name>timePattern</name>
      <value>#{pageFlowScope.timePattern}</value>
      <class></class>
    </input-parameter-definition>
    <managed-bean id="__39">
      <managed-bean-name>docMgmtBean</managed-bean-name>
      <managed-bean-class>oracle.bpel.services.workflow.worklist.adf.DocMgmtBean</managed-bean-class>
      <managed-bean-scope>pageFlow</managed-bean-scope>
    </managed-bean>
    <managed-bean id="__40">
      <managed-bean-name>redirectBean</managed-bean-name>
      <managed-bean-class>oracle.bpel.services.workflow.worklist.adf.PageRedirectBean</managed-bean-class>
      <managed-bean-scope>pageFlow</managed-bean-scope>
    </managed-bean>
    <managed-bean id="__41">
      <managed-bean-name>addCommentBean</managed-bean-name>
      <managed-bean-class>oracle.bpel.services.workflow.worklist.adf.AddCommentBean</managed-bean-class>
      <managed-bean-scope>request</managed-bean-scope>
    </managed-bean>
    <managed-bean id="__42">
      <managed-bean-name>taskDocumentationBean</managed-bean-name>
      <managed-bean-class>oracle.bpel.services.workflow.worklist.adf.TaskDocumentationBean</managed-bean-class>
      <managed-bean-scope>pageFlow</managed-bean-scope>
    </managed-bean>
    <managed-bean id="__43">
      <managed-bean-name>addAttachmentBean</managed-bean-name>
      <managed-bean-class>oracle.bpel.services.workflow.worklist.adf.AddAttachmentBean</managed-bean-class>
      <managed-bean-scope>request</managed-bean-scope>
    </managed-bean>
    <managed-bean id="__44">
      <managed-bean-name>readAttachmentBean</managed-bean-name>
      <managed-bean-class>oracle.bpel.services.workflow.worklist.adf.ReadAttachmentBean</managed-bean-class>
      <managed-bean-scope>pageFlow</managed-bean-scope>
    </managed-bean>
    <managed-bean id="__45">
      <managed-bean-name>addDocumentBean</managed-bean-name>
      <managed-bean-class>oracle.bpel.services.workflow.worklist.adf.AddDocumentBean</managed-bean-class>
      <managed-bean-scope>request</managed-bean-scope>
    </managed-bean>
    <managed-bean id="__46">
      <managed-bean-name>readDocumentBean</managed-bean-name>
      <managed-bean-class>oracle.bpel.services.workflow.worklist.adf.ReadDocumentBean</managed-bean-class>
      <managed-bean-scope>pageFlow</managed-bean-scope>
    </managed-bean>
    <managed-bean id="__47">
      <managed-bean-name>popupBean</managed-bean-name>
      <managed-bean-class>oracle.bpel.services.workflow.worklist.adf.ADFPopupBean</managed-bean-class>
      <managed-bean-scope>request</managed-bean-scope>
    </managed-bean>
    <managed-bean id="__48">
      <managed-bean-name>actionAvailable</managed-bean-name>
      <managed-bean-class>oracle.bpel.services.workflow.worklist.adf.ActionEnablerBean</managed-bean-class>
      <managed-bean-scope>request</managed-bean-scope>
    </managed-bean>
    <managed-bean id="__49">
      <managed-bean-name>invokeActionBean</managed-bean-name>
      <managed-bean-class>oracle.bpel.services.workflow.worklist.adf.InvokeActionBean</managed-bean-class>
      <managed-bean-scope>request</managed-bean-scope>
      <managed-property id="__50">
        <property-name>isReturnActivity</property-name>
        <value>true</value>
      </managed-property>
      <managed-property id="__51">
        <property-name>taskFormVersion</property-name>
        <value>121130</value>
      </managed-property>
    </managed-bean>
    <managed-bean id="__52">
      <managed-bean-name>aleComponentBean</managed-bean-name>
      <managed-bean-class>oracle.bpel.services.workflow.worklist.adf.ALEComponentBean</managed-bean-class>
      <managed-bean-scope>pageFlow</managed-bean-scope>
    </managed-bean>
    <managed-bean id="__53">
      <managed-bean-name>taskFlowReassignBean</managed-bean-name>
      <managed-bean-class>oracle.bpel.services.workflow.worklist.adf.TaskFlowReassignBean</managed-bean-class>
      <managed-bean-scope>pageFlow</managed-bean-scope>
    </managed-bean>
    <managed-bean id="__54">
      <managed-bean-name>identityBrowserView</managed-bean-name>
      <managed-bean-class>oracle.bpel.worklistapp.dc.idbrowser.beans.view.IdentityBrowserView</managed-bean-class>
      <managed-bean-scope>pageFlow</managed-bean-scope>
    </managed-bean>
    <managed-bean id="__55">
      <managed-bean-name>userPreferencesBean</managed-bean-name>
      <managed-bean-class>oracle.bpel.worklistapp.userprefs.UserPreferencesBean</managed-bean-class>
      <managed-bean-scope>pageFlow</managed-bean-scope>
    </managed-bean>
    <finalizer>#{invokeActionBean.invokeScript}</finalizer>
    <view id="taskDetails1_jspx">
      <page>/taskDetails1.jspx</page>
    </view>
    <task-flow-return id="taskReturn">
      <outcome>
        <name>done</name>
      </outcome>
    </task-flow-return>
    <task-flow-return id="taskFlowRefresh">
      <outcome>
        <name>refresh</name>
      </outcome>
    </task-flow-return>
    <task-flow-return id="previousTaskFlow">
      <outcome>
        <name>previous</name>
      </outcome>
    </task-flow-return>
    <task-flow-return id="nextTaskFlow">
      <outcome>
        <name>next</name>
      </outcome>
    </task-flow-return>
    <task-flow-return id="taskFlowCompleted">
      <outcome>
        <name>new</name>
      </outcome>
    </task-flow-return>
    <control-flow-rule id="__29">
      <from-activity-id>*</from-activity-id>
      <control-flow-case id="__30">
        <from-outcome>closeTaskFlow</from-outcome>
        <to-activity-id>taskReturn</to-activity-id>
      </control-flow-case>
    </control-flow-rule>
    <control-flow-rule id="__31">
      <from-activity-id>*</from-activity-id>
      <control-flow-case id="__32">
        <from-outcome>refreshTaskFlow</from-outcome>
        <to-activity-id>taskFlowRefresh</to-activity-id>
      </control-flow-case>
    </control-flow-rule>
    <control-flow-rule id="__33">
      <from-activity-id>*</from-activity-id>
      <control-flow-case id="__34">
        <from-outcome>fetchPreviousTask</from-outcome>
        <to-activity-id>previousTaskFlow</to-activity-id>
      </control-flow-case>
    </control-flow-rule>
    <control-flow-rule id="__35">
      <from-activity-id>*</from-activity-id>
      <control-flow-case id="__36">
        <from-outcome>fetchNextTask</from-outcome>
        <to-activity-id>nextTaskFlow</to-activity-id>
      </control-flow-case>
    </control-flow-rule>
    <control-flow-rule id="__37">
      <from-activity-id>*</from-activity-id>
      <control-flow-case id="__38">
        <from-outcome>fetchNewTask</from-outcome>
        <to-activity-id>taskFlowCompleted</to-activity-id>
      </control-flow-case>
    </control-flow-rule>
    <visibility>
      <url-invoke-allowed/>
    </visibility>
  </task-flow-definition>
</adfc-config>
